hour_of_year,load_kw
1,16.593
2,16.581
3,16.607
4,16.945
5,16.6
6,16.03
7,16.792
8,16.542
9,33.482
10,33.763
11,33.861
12,34.205
13,32.525
14,31.136
15,29.891
16,14.899
17,15.463
18,16.119
19,16.004
20,16.439
21,16.875
22,16.048
23,16.523
24,16.857
25,17.017
26,16.553
27,16.81
28,16.757
29,16.979
30,31.134
31,39.409
32,46.589
33,54.189
34,58.453
35,57.995
36,60.217
37,58.647
38,55.009
39,53.144
40,42.546
41,36.932
42,33.263
43,31.817
44,16.82
45,16.919
46,16.799
47,16.924
48,16.852
49,16.392
50,16.355
51,16.458
52,16.861
53,16.549
54,33.895
55,38.062
56,47.092
57,59.101
58,61.463
59,60.104
60,60.158
61,59.746
62,56.605
63,50.191
64,43.059
65,37.893
66,32.3
67,31.753
68,16.587
69,16.522
70,16.954
71,16.895
72,17.62
73,16.911
74,16.399
75,16.419
76,16.307
77,17.05
78,31.571
79,38.789
80,49.329
81,56.938
82,58.918
83,56.621
84,57.332
85,56.87
86,57.328
87,53.595
88,43.62
89,37.253
90,33.65
91,32.587
92,16.85
93,16.767
94,16.232
95,17.029
96,16.812
97,17.164
98,16.641
99,17.466
100,16.504
101,17.316
102,32.117
103,38.356
104,47.056
105,57.768
106,61.466
107,60.565
108,59.941
109,54.262
110,57.747
111,52.765
112,43.04
113,36.431
114,33.508
115,33.095
116,16.048
117,16.475
118,17.22
119,16.467
120,16.502
121,16.694
122,16.136
123,16.745
124,16.15
125,17.022
126,16.654
127,17.604
128,16.77
129,17.222
130,33.626
131,34.652
132,34.608
133,34.537
134,30.792
135,32.327
136,15.513
137,15.957
138,15.885
139,16.008
140,16.267
141,16.134
142,16.735
143,16.573
144,17.494
145,16.399
146,16.787
147,16.0
148,16.489
149,16.762
150,16.996
151,17.256
152,16.635
153,16.188
154,35.156
155,35.207
156,34.753
157,32.514
158,33.054
159,31.615
160,15.554
161,15.858
162,15.845
163,16.102
164,17.369
165,16.755
166,16.53
167,16.7
168,17.27
169,16.703
170,16.869
171,17.151
172,16.44
173,15.934
174,32.265
175,39.081
176,47.686
177,59.25
178,60.255
179,57.877
180,59.69
181,57.406
182,54.635
183,52.631
184,43.591
185,36.322
186,33.948
187,32.114
188,16.244
189,16.82
190,17.076
191,16.356
192,16.812
193,16.654
194,17.597
195,15.878
196,16.943
197,16.526
198,31.945
199,40.705
200,48.412
201,61.236
202,58.698
203,59.874
204,58.203
205,56.692
206,56.827
207,51.674
208,43.861
209,35.064
210,35.187
211,31.594
212,17.201
213,16.234
214,16.775
215,17.971
216,16.291
217,16.031
218,16.426
219,16.85
220,16.942
221,17.19
222,31.82
223,37.301
224,47.896
225,59.785
226,60.045
227,56.45
228,58.875
229,59.705
230,59.755
231,52.773
232,43.977
233,35.864
234,32.803
235,31.764
236,16.69
237,16.895
238,16.454
239,16.174
240,16.329
241,16.171
242,16.921
243,15.69
244,16.514
245,16.84
246,33.244
247,38.927
248,49.634
249,57.409
250,58.249
251,58.353
252,61.177
253,59.122
254,57.43
255,56.375
256,43.605
257,37.585
258,33.767
259,31.551
260,17.437
261,17.28
262,16.071
263,16.487
264,16.831
265,16.979
266,16.092
267,15.714
268,15.859
269,16.624
270,31.943
271,39.193
272,47.491
273,56.212
274,56.352
275,59.842
276,59.472
277,59.121
278,57.86
279,51.794
280,45.112
281,36.885
282,32.956
283,31.314
284,16.241
285,15.752
286,16.718
287,16.757
288,16.502
289,16.356
290,16.808
291,17.368
292,16.669
293,16.442
294,16.407
295,16.624
296,16.127
297,16.601
298,34.811
299,36.361
300,35.141
301,33.949
302,31.57
303,32.074
304,14.851
305,15.488
306,15.77
307,15.681
308,17.306
309,16.889
310,15.861
311,16.883
312,16.484
313,16.654
314,16.847
315,16.816
316,15.804
317,16.171
318,16.975
319,17.195
320,17.446
321,17.404
322,32.972
323,35.427
324,32.686
325,34.428
326,32.347
327,30.646
328,16.055
329,15.616
330,14.869
331,16.104
332,16.181
333,16.7
334,16.459
335,17.225
336,16.061
337,16.785
338,17.408
339,16.309
340,16.741
341,16.737
342,16.366
343,16.923
344,16.694
345,32.871
346,35.148
347,34.331
348,33.099
349,31.491
350,30.441
351,31.39
352,15.231
353,15.545
354,15.535
355,16.233
356,16.435
357,16.971
358,16.577
359,16.999
360,16.933
361,16.605
362,16.295
363,16.262
364,16.345
365,16.243
366,32.719
367,38.812
368,50.323
369,61.291
370,59.39
371,57.057
372,58.365
373,57.58
374,54.627
375,51.716
376,43.953
377,36.586
378,32.866
379,31.125
380,17.219
381,16.587
382,16.308
383,16.498
384,17.05
385,16.368
386,16.854
387,16.956
388,16.965
389,17.236
390,31.585
391,39.958
392,47.462
393,57.412
394,61.128
395,60.574
396,58.93
397,55.97
398,57.535
399,51.222
400,42.632
401,36.412
402,33.716
403,30.044
404,16.631
405,16.726
406,16.41
407,17.085
408,16.908
409,16.401
410,16.374
411,16.943
412,16.022
413,16.515
414,31.52
415,38.925
416,48.678
417,58.041
418,61.038
419,59.692
420,58.463
421,55.942
422,57.762
423,52.729
424,45.223
425,36.32
426,33.532
427,31.68
428,16.446
429,16.657
430,15.939
431,16.997
432,16.925
433,17.124
434,17.59
435,16.52
436,16.638
437,16.657
438,33.58
439,37.176
440,49.01
441,55.855
442,55.523
443,56.355
444,56.891
445,59.23
446,55.507
447,51.746
448,42.37
449,37.577
450,32.586
451,32.772
452,16.073
453,16.335
454,16.704
455,16.663
456,17.246
457,16.703
458,16.15
459,16.42
460,16.415
461,16.955
462,16.813
463,16.603
464,17.015
465,16.433
466,34.64
467,34.915
468,35.643
469,33.012
470,31.861
471,30.721
472,15.549
473,15.142
474,15.741
475,15.227
476,16.912
477,16.099
478,16.33
479,17.094
480,16.098
481,16.62
482,16.684
483,16.237
484,17.212
485,17.277
486,15.832
487,16.05
488,16.99
489,16.111
490,34.42
491,34.871
492,34.925
493,32.908
494,32.22
495,30.933
496,15.781
497,15.178
498,15.74
499,15.783
500,16.526
501,16.583
502,16.586
503,16.231
504,16.985
505,17.242
506,16.754
507,16.958
508,17.002
509,17.04
510,32.268
511,39.064
512,49.468
513,58.087
514,57.908
515,59.389
516,56.145
517,57.68
518,57.325
519,53.65
520,43.805
521,37.87
522,33.509
523,30.915
524,15.901
525,16.249
526,16.084
527,16.917
528,16.567
529,16.891
530,16.684
531,17.088
532,17.095
533,16.384
534,31.806
535,38.34
536,46.46
537,58.966
538,61.118
539,59.344
540,58.2
541,59.262
542,53.412
543,52.273
544,43.796
545,36.483
546,34.675
547,32.497
548,16.375
549,16.617
550,16.492
551,16.44
552,16.109
553,17.228
554,17.081
555,16.985
556,16.198
557,17.519
558,33.611
559,39.04
560,47.328
561,56.731
562,59.975
563,57.999
564,58.876
565,59.259
566,54.601
567,54.652
568,45.349
569,35.867
570,32.325
571,31.502
572,16.057
573,16.543
574,15.579
575,16.558
576,17.404
577,16.188
578,16.539
579,16.033
580,16.919
581,16.559
582,33.579
583,39.058
584,47.972
585,58.785
586,58.602
587,57.366
588,59.371
589,57.436
590,56.974
591,52.531
592,43.083
593,37.402
594,34.965
595,30.848
596,17.198
597,16.552
598,16.334
599,17.664
600,16.718
601,17.224
602,16.994
603,15.953
604,16.703
605,16.434
606,30.951
607,37.136
608,48.546
609,58.843
610,59.933
611,58.9
612,57.75
613,56.265
614,55.951
615,50.698
616,43.418
617,36.99
618,32.759
619,31.543
620,16.169
621,16.651
622,16.864
623,16.727
624,16.85
625,15.965
626,16.496
627,16.768
628,16.92
629,15.988
630,16.719
631,17.155
632,16.579
633,16.614
634,35.15
635,34.973
636,34.91
637,33.153
638,32.266
639,30.929
640,15.222
641,15.85
642,15.527
643,15.92
644,16.28
645,16.981
646,16.297
647,17.032
648,16.263
649,16.213
650,16.739
651,16.707
652,16.777
653,17.096
654,16.481
655,16.838
656,16.274
657,17.177
658,35.308
659,35.224
660,34.492
661,32.443
662,31.88
663,31.942
664,15.279
665,15.416
666,15.077
667,16.06
668,16.197
669,16.202
670,16.589
671,15.88
672,16.944
673,17.008
674,16.631
675,16.239
676,16.26
677,16.59
678,30.085
679,39.033
680,49.227
681,57.535
682,58.62
683,59.624
684,59.443
685,59.266
686,56.765
687,51.145
688,43.137
689,37.18
690,34.813
691,31.473
692,16.049
693,16.291
694,15.78
695,16.79
696,16.086
697,16.14
698,15.83
699,16.188
700,16.89
701,16.107
702,30.625
703,39.031
704,48.009
705,58.614
706,60.452
707,59.341
708,57.015
709,57.51
710,57.448
711,51.284
712,42.072
713,38.032
714,33.162
715,31.402
716,16.489
717,17.082
718,16.763
719,16.514
720,16.937
721,17.547
722,17.231
723,16.933
724,16.186
725,18.215
726,31.066
727,38.496
728,47.575
729,60.346
730,59.977
731,57.236
732,59.321
733,58.477
734,56.287
735,50.454
736,42.849
737,36.607
738,33.528
739,31.314
740,16.785
741,16.258
742,15.932
743,16.345
744,17.215
745,16.415
746,17.628
747,16.858
748,16.168
749,16.306
750,30.367
751,37.713
752,51.297
753,56.551
754,59.93
755,59.359
756,55.572
757,53.043
758,53.015
759,49.081
760,41.104
761,33.658
762,29.095
763,28.466
764,14.945
765,14.956
766,16.195
767,16.057
768,16.897
769,17.463
770,17.427
771,16.415
772,16.459
773,16.94
774,30.984
775,38.451
776,48.25
777,61.187
778,58.768
779,56.574
780,55.891
781,55.186
782,52.016
783,48.338
784,39.051
785,33.376
786,31.565
787,28.963
788,15.166
789,15.45
790,16.354
791,17.091
792,16.419
793,17.257
794,16.081
795,16.532
796,17.379
797,15.817
798,17.148
799,15.882
800,16.616
801,16.581
802,35.039
803,30.097
804,29.636
805,29.38
806,28.811
807,27.516
808,13.843
809,13.592
810,14.12
811,14.36
812,15.294
813,16.049
814,17.073
815,16.38
816,16.521
817,16.673
818,16.53
819,16.632
820,16.003
821,16.808
822,16.272
823,16.255
824,15.992
825,17.137
826,34.21
827,33.612
828,31.341
829,28.533
830,28.004
831,28.678
832,13.654
833,13.626
834,14.2
835,14.606
836,14.817
837,15.69
838,16.285
839,15.575
840,16.862
841,16.315
842,17.196
843,16.174
844,15.996
845,17.148
846,28.987
847,38.239
848,49.145
849,57.509
850,56.488
851,57.538
852,55.453
853,56.143
854,54.165
855,52.332
856,38.569
857,33.592
858,29.347
859,29.257
860,15.514
861,16.117
862,16.162
863,16.343
864,15.808
865,17.365
866,16.865
867,16.545
868,17.042
869,16.966
870,30.919
871,37.28
872,47.558
873,58.271
874,59.45
875,58.639
876,54.319
877,54.571
878,56.323
879,49.482
880,41.099
881,33.594
882,30.729
883,29.718
884,15.242
885,16.303
886,16.122
887,16.899
888,17.03
889,16.34
890,17.11
891,16.372
892,16.318
893,16.653
894,31.641
895,39.158
896,49.555
897,56.926
898,59.041
899,55.584
900,54.928
901,55.534
902,53.328
903,50.405
904,40.02
905,33.444
906,31.113
907,27.975
908,14.624
909,16.334
910,16.653
911,15.752
912,16.672
913,16.485
914,17.38
915,16.35
916,16.411
917,16.274
918,29.388
919,38.177
920,46.684
921,56.492
922,56.56
923,55.125
924,53.551
925,53.689
926,52.467
927,47.149
928,40.705
929,33.57
930,29.825
931,28.106
932,15.807
933,15.914
934,16.678
935,15.577
936,16.381
937,15.749
938,16.476
939,16.809
940,16.372
941,16.869
942,29.411
943,39.417
944,46.542
945,57.608
946,59.545
947,58.036
948,55.547
949,57.035
950,52.827
951,48.092
952,37.449
953,35.096
954,29.872
955,27.6
956,15.703
957,16.308
958,16.527
959,16.056
960,16.828
961,16.394
962,16.166
963,17.088
964,15.765
965,16.889
966,16.844
967,17.507
968,16.789
969,15.796
970,33.614
971,32.726
972,31.405
973,30.533
974,27.374
975,27.912
976,14.258
977,14.548
978,14.927
979,14.528
980,15.618
981,16.496
982,16.976
983,16.954
984,16.998
985,16.324
986,16.051
987,17.062
988,16.509
989,16.641
990,16.412
991,16.49
992,16.75
993,16.228
994,34.39
995,32.874
996,31.068
997,29.248
998,29.35
999,29.462
1000,13.711
1001,14.44
1002,14.581
1003,13.698
1004,14.912
1005,15.568
1006,16.805
1007,16.732
1008,16.851
1009,16.918
1010,16.279
1011,16.342
1012,16.144
1013,16.582
1014,30.093
1015,39.024
1016,47.542
1017,59.301
1018,60.278
1019,59.483
1020,56.715
1021,54.65
1022,54.277
1023,49.382
1024,39.568
1025,34.693
1026,31.446
1027,29.841
1028,15.215
1029,15.948
1030,16.654
1031,16.652
1032,16.911
1033,16.603
1034,16.572
1035,17.385
1036,16.722
1037,16.681
1038,30.848
1039,39.003
1040,48.775
1041,57.895
1042,57.129
1043,57.224
1044,54.14
1045,54.683
1046,51.803
1047,49.755
1048,40.977
1049,33.846
1050,30.075
1051,28.732
1052,14.455
1053,15.385
1054,16.421
1055,16.797
1056,16.62
1057,16.235
1058,16.709
1059,16.464
1060,16.208
1061,16.79
1062,30.024
1063,40.02
1064,49.228
1065,59.052
1066,59.4
1067,56.059
1068,54.421
1069,52.397
1070,57.222
1071,47.328
1072,40.013
1073,33.307
1074,29.939
1075,28.02
1076,14.491
1077,15.424
1078,15.909
1079,16.6
1080,16.368
1081,16.367
1082,16.743
1083,16.411
1084,17.041
1085,16.492
1086,30.353
1087,37.57
1088,49.217
1089,57.4
1090,59.529
1091,57.741
1092,55.482
1093,54.693
1094,52.865
1095,50.277
1096,41.163
1097,34.015
1098,29.261
1099,27.654
1100,14.949
1101,15.722
1102,16.667
1103,16.28
1104,17.143
1105,16.655
1106,15.815
1107,16.455
1108,15.577
1109,16.34
1110,29.769
1111,38.264
1112,48.029
1113,57.416
1114,58.052
1115,59.42
1116,57.417
1117,52.845
1118,55.053
1119,46.669
1120,39.405
1121,34.892
1122,28.463
1123,28.844
1124,14.725
1125,15.762
1126,16.408
1127,17.36
1128,16.316
1129,16.624
1130,16.914
1131,16.548
1132,16.311
1133,16.629
1134,16.692
1135,17.021
1136,16.261
1137,16.466
1138,34.608
1139,32.537
1140,30.984
1141,29.789
1142,28.283
1143,27.582
1144,14.074
1145,13.624
1146,14.679
1147,14.75
1148,14.716
1149,15.931
1150,16.551
1151,16.97
1152,17.136
1153,16.501
1154,16.359
1155,16.401
1156,16.245
1157,16.342
1158,16.772
1159,16.66
1160,16.449
1161,16.346
1162,34.63
1163,32.264
1164,30.319
1165,29.689
1166,28.594
1167,27.391
1168,14.208
1169,14.304
1170,14.278
1171,14.719
1172,15.402
1173,15.807
1174,16.85
1175,17.343
1176,16.687
1177,16.836
1178,17.017
1179,16.512
1180,16.183
1181,17.03
1182,16.0
1183,17.398
1184,17.016
1185,33.823
1186,33.28
1187,32.963
1188,29.325
1189,27.876
1190,27.277
1191,26.874
1192,13.57
1193,14.062
1194,14.312
1195,14.372
1196,15.811
1197,15.269
1198,15.956
1199,16.81
1200,16.567
1201,16.827
1202,16.395
1203,16.223
1204,16.384
1205,16.369
1206,30.579
1207,38.391
1208,49.344
1209,58.84
1210,60.46
1211,58.558
1212,56.817
1213,55.444
1214,52.69
1215,48.322
1216,38.383
1217,33.855
1218,29.643
1219,28.721
1220,15.402
1221,15.285
1222,16.065
1223,16.508
1224,16.438
1225,16.723
1226,16.172
1227,16.673
1228,15.95
1229,15.756
1230,30.724
1231,37.589
1232,47.744
1233,55.932
1234,56.851
1235,56.698
1236,55.153
1237,55.734
1238,53.98
1239,48.323
1240,40.986
1241,34.548
1242,30.461
1243,28.147
1244,15.588
1245,16.519
1246,16.755
1247,17.39
1248,17.039
1249,17.007
1250,16.199
1251,16.19
1252,16.633
1253,15.958
1254,29.735
1255,39.7
1256,47.617
1257,58.76
1258,56.936
1259,56.562
1260,57.15
1261,54.681
1262,53.767
1263,50.714
1264,41.528
1265,32.873
1266,31.144
1267,27.998
1268,15.195
1269,15.825
1270,16.925
1271,16.183
1272,16.841
1273,16.871
1274,16.991
1275,16.566
1276,17.071
1277,16.357
1278,31.048
1279,39.2
1280,46.727
1281,58.579
1282,59.191
1283,56.76
1284,54.698
1285,54.071
1286,51.455
1287,50.696
1288,39.089
1289,33.054
1290,31.014
1291,28.852
1292,15.475
1293,16.419
1294,16.354
1295,16.217
1296,17.005
1297,16.985
1298,16.517
1299,16.126
1300,17.169
1301,16.893
1302,16.081
1303,16.978
1304,16.053
1305,16.452
1306,33.367
1307,32.152
1308,30.48
1309,29.345
1310,29.305
1311,28.352
1312,14.139
1313,14.39
1314,14.131
1315,14.7
1316,15.406
1317,16.494
1318,16.853
1319,17.228
1320,17.077
1321,17.093
1322,15.91
1323,17.02
1324,16.742
1325,16.676
1326,16.434
1327,16.476
1328,16.826
1329,17.003
1330,33.046
1331,32.852
1332,30.692
1333,29.094
1334,29.067
1335,27.913
1336,13.691
1337,13.738
1338,14.364
1339,14.667
1340,14.786
1341,15.487
1342,16.407
1343,16.822
1344,16.216
1345,16.856
1346,16.31
1347,17.789
1348,16.261
1349,16.324
1350,30.329
1351,37.981
1352,49.424
1353,60.599
1354,58.356
1355,57.516
1356,55.003
1357,54.397
1358,55.29
1359,49.728
1360,39.315
1361,34.909
1362,31.027
1363,28.781
1364,14.951
1365,15.845
1366,16.155
1367,16.848
1368,16.521
1369,15.723
1370,17.039
1371,16.733
1372,17.102
1373,16.596
1374,30.325
1375,39.941
1376,48.892
1377,58.405
1378,63.662
1379,57.027
1380,55.96
1381,56.756
1382,52.305
1383,47.375
1384,38.784
1385,34.058
1386,30.622
1387,28.963
1388,14.687
1389,16.217
1390,16.976
1391,16.613
1392,16.667
1393,16.934
1394,16.806
1395,16.92
1396,16.201
1397,16.58
1398,29.268
1399,39.471
1400,49.064
1401,57.844
1402,59.364
1403,55.04
1404,56.919
1405,53.762
1406,53.552
1407,49.997
1408,39.463
1409,34.616
1410,30.244
1411,28.456
1412,15.413
1413,15.326
1414,16.727
1415,16.679
1416,17.085
1417,15.427
1418,15.801
1419,16.368
1420,16.287
1421,15.742
1422,24.498
1423,37.143
1424,44.049
1425,50.936
1426,52.592
1427,47.587
1428,45.694
1429,46.832
1430,45.958
1431,41.195
1432,31.811
1433,25.841
1434,21.734
1435,20.989
1436,11.719
1437,12.823
1438,13.668
1439,13.659
1440,14.75
1441,15.817
1442,16.563
1443,15.609
1444,16.45
1445,15.717
1446,23.789
1447,37.439
1448,44.89
1449,51.023
1450,51.95
1451,50.7
1452,48.47
1453,49.468
1454,46.444
1455,37.904
1456,32.302
1457,25.461
1458,22.407
1459,20.882
1460,12.014
1461,12.522
1462,14.042
1463,14.499
1464,14.695
1465,15.775
1466,16.215
1467,16.732
1468,15.881
1469,16.535
1470,15.703
1471,15.959
1472,14.873
1473,13.475
1474,27.096
1475,24.175
1476,23.528
1477,22.209
1478,20.943
1479,19.712
1480,10.543
1481,10.708
1482,11.142
1483,12.021
1484,12.429
1485,12.719
1486,14.011
1487,13.797
1488,15.201
1489,15.443
1490,16.04
1491,16.477
1492,16.034
1493,16.543
1494,15.942
1495,16.446
1496,14.831
1497,14.739
1498,27.51
1499,24.561
1500,24.461
1501,21.651
1502,19.975
1503,20.91
1504,11.136
1505,10.953
1506,11.139
1507,12.107
1508,12.43
1509,12.66
1510,13.827
1511,13.842
1512,14.736
1513,15.104
1514,15.068
1515,15.741
1516,16.81
1517,15.773
1518,24.279
1519,34.957
1520,45.108
1521,52.071
1522,52.301
1523,49.767
1524,46.839
1525,45.696
1526,46.708
1527,40.91
1528,33.168
1529,23.888
1530,23.147
1531,20.617
1532,12.876
1533,12.707
1534,13.588
1535,14.522
1536,14.618
1537,15.85
1538,15.688
1539,16.741
1540,16.635
1541,16.419
1542,24.172
1543,35.813
1544,44.483
1545,49.423
1546,50.955
1547,51.069
1548,46.722
1549,48.334
1550,45.032
1551,41.3
1552,31.604
1553,26.253
1554,22.782
1555,21.468
1556,12.626
1557,13.275
1558,13.65
1559,13.848
1560,15.44
1561,15.005
1562,15.771
1563,16.517
1564,16.492
1565,16.864
1566,24.615
1567,34.481
1568,43.848
1569,52.296
1570,51.215
1571,51.661
1572,47.953
1573,45.155
1574,46.285
1575,39.794
1576,33.92
1577,26.114
1578,21.732
1579,21.438
1580,12.936
1581,12.227
1582,13.885
1583,14.459
1584,15.011
1585,15.644
1586,16.142
1587,15.937
1588,16.887
1589,15.671
1590,25.823
1591,37.377
1592,42.843
1593,52.062
1594,53.502
1595,49.287
1596,48.056
1597,46.365
1598,47.086
1599,40.347
1600,32.53
1601,26.289
1602,22.405
1603,20.422
1604,11.803
1605,12.383
1606,13.178
1607,13.672
1608,14.674
1609,15.628
1610,15.967
1611,15.883
1612,15.896
1613,15.816
1614,23.763
1615,34.89
1616,44.941
1617,50.241
1618,51.69
1619,49.128
1620,51.18
1621,44.732
1622,45.972
1623,40.627
1624,31.91
1625,26.143
1626,22.609
1627,20.317
1628,12.342
1629,12.997
1630,14.023
1631,14.068
1632,15.495
1633,15.435
1634,15.158
1635,16.431
1636,16.278
1637,15.861
1638,16.317
1639,15.328
1640,15.325
1641,14.257
1642,27.58
1643,25.734
1644,23.936
1645,21.667
1646,21.642
1647,20.484
1648,11.389
1649,11.07
1650,11.423
1651,11.424
1652,12.088
1653,12.903
1654,13.181
1655,13.868
1656,14.905
1657,15.481
1658,16.026
1659,16.671
1660,16.148
1661,16.495
1662,15.888
1663,15.436
1664,15.041
1665,13.548
1666,27.117
1667,24.9
1668,23.106
1669,21.192
1670,20.921
1671,19.512
1672,11.082
1673,10.874
1674,10.741
1675,11.45
1676,12.443
1677,12.68
1678,13.483
1679,14.154
1680,14.897
1681,14.852
1682,15.927
1683,15.992
1684,17.516
1685,16.132
1686,24.337
1687,36.892
1688,43.98
1689,52.399
1690,50.538
1691,51.839
1692,47.494
1693,47.276
1694,47.046
1695,40.657
1696,32.538
1697,26.319
1698,22.906
1699,20.306
1700,12.268
1701,12.567
1702,13.326
1703,14.054
1704,15.399
1705,16.13
1706,16.984
1707,16.196
1708,15.968
1709,15.825
1710,25.607
1711,34.618
1712,43.802
1713,51.333
1714,53.928
1715,48.635
1716,49.58
1717,48.374
1718,45.56
1719,41.446
1720,31.286
1721,25.881
1722,22.401
1723,19.528
1724,12.339
1725,12.986
1726,13.004
1727,13.782
1728,14.665
1729,15.306
1730,15.823
1731,15.83
1732,15.901
1733,16.343
1734,24.325
1735,35.906
1736,43.899
1737,52.665
1738,51.468
1739,50.974
1740,48.376
1741,47.877
1742,47.177
1743,39.473
1744,33.288
1745,27.095
1746,21.974
1747,20.858
1748,12.103
1749,13.013
1750,13.755
1751,14.047
1752,15.436
1753,15.179
1754,15.89
1755,16.633
1756,17.108
1757,16.011
1758,25.099
1759,36.2
1760,42.406
1761,50.826
1762,50.111
1763,49.271
1764,47.749
1765,46.869
1766,47.212
1767,41.402
1768,34.696
1769,25.781
1770,22.966
1771,21.091
1772,12.672
1773,12.75
1774,13.866
1775,14.868
1776,14.676
1777,15.482
1778,16.146
1779,16.042
1780,15.955
1781,16.962
1782,24.476
1783,37.563
1784,43.591
1785,51.8
1786,52.697
1787,49.642
1788,47.167
1789,45.994
1790,46.063
1791,40.287
1792,32.609
1793,24.475
1794,22.207
1795,20.781
1796,12.056
1797,12.552
1798,13.279
1799,14.311
1800,15.501
1801,14.969
1802,15.835
1803,16.615
1804,16.448
1805,16.18
1806,15.766
1807,15.516
1808,14.907
1809,13.505
1810,26.588
1811,24.071
1812,24.42
1813,22.698
1814,20.738
1815,20.885
1816,11.51
1817,10.769
1818,11.576
1819,11.752
1820,12.14
1821,12.516
1822,13.39
1823,14.145
1824,14.08
1825,15.717
1826,15.817
1827,16.405
1828,16.141
1829,17.434
1830,15.285
1831,15.149
1832,15.209
1833,15.128
1834,26.4
1835,26.461
1836,23.114
1837,22.96
1838,21.195
1839,21.614
1840,11.329
1841,10.762
1842,12.035
1843,11.319
1844,12.117
1845,13.453
1846,13.329
1847,14.057
1848,14.994
1849,15.687
1850,16.1
1851,15.916
1852,16.392
1853,16.477
1854,25.543
1855,36.298
1856,42.769
1857,52.106
1858,50.866
1859,51.545
1860,46.23
1861,47.492
1862,44.532
1863,42.272
1864,33.165
1865,26.081
1866,22.806
1867,20.699
1868,12.419
1869,12.855
1870,13.827
1871,14.307
1872,14.018
1873,15.312
1874,16.55
1875,16.807
1876,16.354
1877,16.167
1878,24.411
1879,36.57
1880,44.791
1881,50.795
1882,52.522
1883,51.437
1884,47.1
1885,46.618
1886,46.281
1887,41.709
1888,32.196
1889,25.596
1890,22.261
1891,21.076
1892,12.343
1893,12.865
1894,13.116
1895,13.897
1896,15.183
1897,15.038
1898,16.036
1899,16.072
1900,16.066
1901,16.229
1902,25.649
1903,36.262
1904,43.826
1905,50.151
1906,52.329
1907,51.317
1908,48.984
1909,48.202
1910,46.296
1911,39.634
1912,32.501
1913,26.279
1914,22.928
1915,20.617
1916,12.193
1917,12.989
1918,14.01
1919,14.645
1920,15.187
1921,15.665
1922,15.537
1923,15.772
1924,16.274
1925,16.641
1926,24.861
1927,36.507
1928,42.495
1929,50.167
1930,53.114
1931,49.856
1932,46.667
1933,47.869
1934,46.046
1935,43.992
1936,33.555
1937,26.163
1938,22.437
1939,20.996
1940,12.181
1941,12.408
1942,13.894
1943,14.384
1944,13.916
1945,15.265
1946,15.615
1947,16.616
1948,16.294
1949,16.822
1950,23.638
1951,35.034
1952,45.33
1953,51.216
1954,50.3
1955,49.242
1956,47.335
1957,47.468
1958,47.03
1959,39.344
1960,32.301
1961,25.948
1962,22.568
1963,21.31
1964,12.249
1965,12.685
1966,13.201
1967,13.634
1968,14.806
1969,15.517
1970,16.313
1971,16.065
1972,17.259
1973,16.187
1974,15.753
1975,15.659
1976,14.583
1977,14.361
1978,25.675
1979,25.731
1980,23.695
1981,22.358
1982,21.237
1983,19.821
1984,10.602
1985,11.367
1986,11.351
1987,11.472
1988,12.341
1989,13.003
1990,14.242
1991,14.683
1992,15.099
1993,15.337
1994,16.656
1995,16.177
1996,15.957
1997,15.724
1998,15.602
1999,15.37
2000,15.231
2001,14.612
2002,27.851
2003,25.401
2004,24.148
2005,23.497
2006,21.637
2007,21.293
2008,10.436
2009,10.736
2010,11.002
2011,10.867
2012,12.235
2013,13.319
2014,13.397
2015,14.356
2016,14.626
2017,15.32
2018,16.059
2019,15.734
2020,16.79
2021,15.44
2022,16.074
2023,15.321
2024,15.502
2025,28.276
2026,24.625
2027,22.744
2028,21.998
2029,20.882
2030,19.967
2031,19.394
2032,11.029
2033,10.565
2034,10.707
2035,11.72
2036,12.102
2037,12.838
2038,13.361
2039,14.224
2040,15.501
2041,14.882
2042,15.457
2043,16.479
2044,16.951
2045,16.135
2046,15.442
2047,14.735
2048,15.042
2049,26.881
2050,27.392
2051,25.628
2052,22.691
2053,21.405
2054,20.003
2055,19.933
2056,10.845
2057,10.956
2058,11.593
2059,11.829
2060,12.863
2061,12.345
2062,13.39
2063,13.963
2064,15.26
2065,15.32
2066,16.186
2067,15.744
2068,16.273
2069,17.15
2070,16.599
2071,14.783
2072,15.081
2073,28.32
2074,25.658
2075,23.543
2076,22.936
2077,21.201
2078,20.339
2079,19.303
2080,11.478
2081,10.689
2082,11.073
2083,11.796
2084,12.436
2085,12.428
2086,14.019
2087,13.765
2088,14.948
2089,15.392
2090,15.663
2091,16.678
2092,15.354
2093,15.922
2094,15.586
2095,15.85
2096,15.524
2097,28.285
2098,26.885
2099,22.864
2100,22.655
2101,20.417
2102,19.874
2103,19.498
2104,10.872
2105,11.315
2106,10.657
2107,11.403
2108,11.76
2109,12.344
2110,13.92
2111,14.351
2112,15.527
2113,15.971
2114,15.973
2115,15.825
2116,16.716
2117,15.938
2118,15.467
2119,15.065
2120,14.991
2121,28.625
2122,26.013
2123,24.952
2124,22.614
2125,20.922
2126,21.427
2127,20.262
2128,10.899
2129,10.711
2130,10.761
2131,11.763
2132,12.134
2133,13.022
2134,13.688
2135,14.442
2136,15.372
2137,15.633
2138,15.657
2139,15.906
2140,16.549
2141,15.784
2142,16.232
2143,15.788
2144,14.929
2145,14.007
2146,25.87
2147,24.593
2148,22.694
2149,22.256
2150,20.921
2151,20.002
2152,11.083
2153,10.974
2154,11.225
2155,11.809
2156,12.529
2157,12.356
2158,13.819
2159,13.64
2160,14.648
2161,12.35
2162,12.723
2163,13.009
2164,12.954
2165,13.249
2166,12.025
2167,11.953
2168,11.457
2169,11.29
2170,18.57
2171,16.647
2172,14.2
2173,13.702
2174,11.958
2175,10.814
2176,7.504
2177,6.931
2178,7.315
2179,7.892
2180,8.331
2181,9.362
2182,10.061
2183,10.774
2184,11.986
2185,11.553
2186,12.934
2187,12.533
2188,13.367
2189,13.406
2190,18.703
2191,27.207
2192,34.369
2193,43.567
2194,42.643
2195,39.023
2196,39.789
2197,36.701
2198,37.727
2199,32.352
2200,22.981
2201,16.574
2202,13.105
2203,11.473
2204,9.202
2205,9.024
2206,10.006
2207,11.01
2208,11.334
2209,11.856
2210,12.091
2211,13.178
2212,13.125
2213,12.947
2214,17.018
2215,27.681
2216,35.651
2217,42.848
2218,41.231
2219,40.764
2220,38.22
2221,37.643
2222,36.472
2223,31.322
2224,23.654
2225,16.532
2226,13.359
2227,11.727
2228,8.755
2229,9.018
2230,9.906
2231,10.991
2232,11.488
2233,12.384
2234,12.74
2235,12.654
2236,13.179
2237,12.714
2238,18.108
2239,28.604
2240,36.365
2241,45.686
2242,41.044
2243,40.262
2244,38.811
2245,37.192
2246,36.753
2247,31.299
2248,23.784
2249,16.967
2250,13.321
2251,11.312
2252,8.657
2253,9.396
2254,10.08
2255,10.751
2256,11.844
2257,11.88
2258,12.392
2259,13.01
2260,13.067
2261,13.069
2262,17.56
2263,26.439
2264,34.303
2265,42.745
2266,43.546
2267,41.63
2268,37.297
2269,38.069
2270,36.334
2271,30.766
2272,24.411
2273,16.668
2274,13.458
2275,12.351
2276,8.416
2277,9.149
2278,10.364
2279,10.392
2280,11.465
2281,12.059
2282,12.81
2283,12.926
2284,12.601
2285,13.108
2286,18.059
2287,26.619
2288,34.79
2289,42.645
2290,41.473
2291,41.908
2292,38.755
2293,37.307
2294,35.469
2295,31.278
2296,24.003
2297,16.869
2298,12.652
2299,11.318
2300,8.676
2301,9.125
2302,9.854
2303,10.512
2304,11.063
2305,12.074
2306,12.388
2307,13.161
2308,12.874
2309,12.488
2310,12.723
2311,12.45
2312,11.233
2313,10.286
2314,17.888
2315,15.679
2316,15.07
2317,12.522
2318,11.722
2319,11.502
2320,7.243
2321,7.095
2322,7.331
2323,7.903
2324,8.489
2325,9.586
2326,9.953
2327,10.381
2328,11.726
2329,12.357
2330,12.436
2331,13.044
2332,12.912
2333,12.411
2334,12.481
2335,11.7
2336,11.262
2337,10.491
2338,18.256
2339,16.302
2340,13.998
2341,12.674
2342,11.818
2343,11.222
2344,7.101
2345,6.791
2346,7.718
2347,8.29
2348,8.878
2349,9.366
2350,10.16
2351,10.568
2352,11.498
2353,11.705
2354,12.545
2355,12.339
2356,13.084
2357,12.683
2358,18.024
2359,27.462
2360,34.992
2361,44.124
2362,41.448
2363,40.551
2364,38.546
2365,38.266
2366,36.345
2367,31.803
2368,23.448
2369,15.588
2370,12.88
2371,11.639
2372,8.756
2373,9.373
2374,10.319
2375,10.684
2376,11.473
2377,11.895
2378,12.37
2379,12.531
2380,12.72
2381,12.736
2382,17.397
2383,27.355
2384,33.789
2385,43.675
2386,42.89
2387,41.277
2388,38.618
2389,37.09
2390,37.308
2391,31.467
2392,24.293
2393,15.977
2394,13.103
2395,11.279
2396,8.372
2397,9.058
2398,9.872
2399,10.954
2400,11.116
2401,12.229
2402,12.056
2403,12.667
2404,13.321
2405,12.944
2406,17.805
2407,27.768
2408,35.908
2409,43.891
2410,44.199
2411,39.762
2412,39.002
2413,38.166
2414,37.096
2415,32.03
2416,23.9
2417,16.352
2418,12.74
2419,11.975
2420,8.54
2421,9.114
2422,10.001
2423,10.627
2424,11.732
2425,12.313
2426,12.604
2427,12.97
2428,12.906
2429,13.125
2430,16.64
2431,26.539
2432,35.363
2433,42.766
2434,41.686
2435,41.454
2436,38.115
2437,37.772
2438,36.527
2439,31.635
2440,22.664
2441,16.479
2442,13.589
2443,11.763
2444,8.746
2445,9.222
2446,9.567
2447,10.618
2448,11.401
2449,12.437
2450,12.862
2451,12.933
2452,12.619
2453,12.838
2454,17.569
2455,27.171
2456,34.307
2457,43.714
2458,42.669
2459,41.643
2460,37.643
2461,36.509
2462,39.733
2463,30.894
2464,23.31
2465,16.74
2466,12.861
2467,12.107
2468,8.526
2469,9.275
2470,10.446
2471,10.531
2472,11.304
2473,11.941
2474,12.077
2475,12.885
2476,13.048
2477,12.855
2478,12.712
2479,12.306
2480,11.541
2481,10.679
2482,18.657
2483,15.944
2484,14.981
2485,12.909
2486,12.044
2487,11.6
2488,6.687
2489,7.153
2490,7.402
2491,8.278
2492,8.453
2493,9.871
2494,9.61
2495,10.837
2496,11.333
2497,12.197
2498,12.33
2499,12.652
2500,12.308
2501,12.831
2502,12.038
2503,11.651
2504,11.469
2505,10.711
2506,18.57
2507,15.677
2508,14.628
2509,13.077
2510,11.729
2511,10.87
2512,7.074
2513,7.346
2514,7.407
2515,8.107
2516,8.482
2517,9.639
2518,9.999
2519,10.696
2520,10.983
2521,11.615
2522,12.626
2523,12.724
2524,12.986
2525,12.578
2526,17.619
2527,26.911
2528,35.66
2529,42.977
2530,44.691
2531,40.119
2532,40.164
2533,36.577
2534,35.99
2535,30.925
2536,23.872
2537,16.74
2538,13.23
2539,11.674
2540,8.309
2541,9.564
2542,10.339
2543,10.734
2544,11.448
2545,12.241
2546,12.452
2547,12.733
2548,12.737
2549,12.686
2550,17.475
2551,27.836
2552,35.108
2553,42.75
2554,42.031
2555,39.291
2556,40.595
2557,38.045
2558,37.203
2559,31.171
2560,23.987
2561,16.619
2562,13.664
2563,11.602
2564,8.531
2565,9.118
2566,10.011
2567,10.804
2568,11.871
2569,12.509
2570,12.535
2571,13.187
2572,12.019
2573,12.646
2574,17.795
2575,27.943
2576,35.773
2577,43.152
2578,42.208
2579,40.005
2580,40.929
2581,38.621
2582,37.604
2583,31.598
2584,22.834
2585,16.789
2586,13.177
2587,11.568
2588,8.535
2589,9.094
2590,9.774
2591,10.678
2592,11.047
2593,12.225
2594,12.769
2595,12.55
2596,12.306
2597,12.923
2598,17.791
2599,27.351
2600,34.218
2601,41.141
2602,44.528
2603,40.601
2604,39.564
2605,37.501
2606,36.79
2607,30.58
2608,22.886
2609,15.998
2610,12.827
2611,11.4
2612,8.154
2613,9.134
2614,9.814
2615,10.425
2616,11.406
2617,12.042
2618,12.245
2619,13.44
2620,13.127
2621,13.155
2622,17.54
2623,27.948
2624,36.076
2625,42.112
2626,41.972
2627,43.797
2628,38.669
2629,38.025
2630,36.219
2631,32.246
2632,22.568
2633,16.143
2634,13.559
2635,11.663
2636,8.011
2637,9.246
2638,9.946
2639,10.934
2640,11.536
2641,12.148
2642,12.534
2643,12.89
2644,12.524
2645,12.536
2646,12.24
2647,11.641
2648,11.669
2649,11.033
2650,18.383
2651,15.982
2652,14.281
2653,12.829
2654,12.147
2655,11.239
2656,7.396
2657,7.013
2658,7.435
2659,7.689
2660,8.238
2661,9.205
2662,9.908
2663,10.606
2664,11.005
2665,12.104
2666,12.418
2667,13.089
2668,13.073
2669,12.377
2670,12.63
2671,11.865
2672,11.882
2673,10.735
2674,17.877
2675,16.061
2676,13.932
2677,13.385
2678,12.445
2679,10.614
2680,7.044
2681,7.167
2682,7.366
2683,8.18
2684,8.806
2685,9.184
2686,10.509
2687,10.752
2688,11.375
2689,12.129
2690,12.273
2691,13.261
2692,13.094
2693,12.683
2694,17.603
2695,26.717
2696,35.631
2697,41.815
2698,42.704
2699,40.294
2700,39.625
2701,38.547
2702,37.13
2703,31.493
2704,22.733
2705,16.435
2706,13.179
2707,11.747
2708,8.419
2709,9.017
2710,10.035
2711,11.108
2712,11.979
2713,12.284
2714,12.197
2715,13.247
2716,12.623
2717,12.55
2718,17.874
2719,26.394
2720,36.108
2721,43.155
2722,43.126
2723,39.981
2724,39.898
2725,38.049
2726,36.083
2727,32.336
2728,21.604
2729,16.709
2730,13.149
2731,11.375
2732,8.578
2733,9.356
2734,9.808
2735,10.711
2736,11.432
2737,12.163
2738,12.89
2739,12.648
2740,13.32
2741,12.379
2742,17.818
2743,26.162
2744,35.462
2745,43.993
2746,44.86
2747,40.872
2748,38.34
2749,38.532
2750,36.451
2751,31.667
2752,23.674
2753,17.011
2754,12.614
2755,11.621
2756,8.537
2757,8.993
2758,9.586
2759,10.725
2760,11.311
2761,11.827
2762,12.464
2763,12.684
2764,12.901
2765,13.301
2766,17.672
2767,28.622
2768,36.5
2769,44.258
2770,41.923
2771,40.522
2772,38.173
2773,37.958
2774,36.353
2775,31.938
2776,23.319
2777,16.628
2778,13.067
2779,11.323
2780,8.446
2781,9.406
2782,9.951
2783,10.727
2784,11.692
2785,12.192
2786,12.045
2787,12.771
2788,12.615
2789,12.779
2790,17.858
2791,27.685
2792,36.871
2793,42.672
2794,42.386
2795,41.407
2796,40.011
2797,36.599
2798,37.039
2799,32.115
2800,23.057
2801,16.443
2802,13.426
2803,11.73
2804,8.626
2805,9.071
2806,9.562
2807,10.718
2808,11.366
2809,12.183
2810,12.267
2811,13.0
2812,13.028
2813,12.56
2814,12.802
2815,11.942
2816,11.244
2817,10.811
2818,18.098
2819,15.859
2820,14.7
2821,12.969
2822,11.594
2823,10.607
2824,7.164
2825,7.205
2826,7.5
2827,8.212
2828,8.008
2829,9.534
2830,10.333
2831,10.48
2832,11.734
2833,11.801
2834,12.181
2835,12.764
2836,13.485
2837,12.912
2838,12.522
2839,12.312
2840,11.266
2841,11.146
2842,18.816
2843,16.4
2844,14.19
2845,13.32
2846,11.906
2847,11.272
2848,7.29
2849,7.266
2850,7.309
2851,8.235
2852,8.6
2853,9.315
2854,10.146
2855,10.827
2856,11.658
2857,12.105
2858,12.451
2859,12.621
2860,12.731
2861,12.704
2862,18.123
2863,27.107
2864,35.3
2865,43.104
2866,43.27
2867,41.484
2868,40.999
2869,36.259
2870,36.206
2871,32.042
2872,22.169
2873,17.28
2874,13.147
2875,11.375
2876,8.747
2877,8.733
2878,10.045
2879,10.477
2880,11.439
2881,9.055
2882,9.619
2883,9.822
2884,10.333
2885,9.737
2886,11.438
2887,20.253
2888,27.888
2889,35.898
2890,31.568
2891,34.116
2892,33.67
2893,33.367
2894,40.696
2895,37.885
2896,25.69
2897,19.697
2898,12.694
2899,7.843
2900,6.709
2901,6.449
2902,6.763
2903,7.866
2904,8.027
2905,9.105
2906,9.715
2907,9.852
2908,9.465
2909,9.772
2910,11.501
2911,19.286
2912,26.319
2913,34.474
2914,34.576
2915,34.683
2916,36.055
2917,34.456
2918,40.559
2919,36.658
2920,27.804
2921,18.54
2922,12.459
2923,7.818
2924,6.597
2925,6.763
2926,6.919
2927,7.699
2928,8.475
2929,8.867
2930,8.915
2931,9.842
2932,9.641
2933,10.042
2934,11.589
2935,20.387
2936,27.334
2937,36.531
2938,33.586
2939,34.524
2940,33.533
2941,34.524
2942,41.004
2943,37.68
2944,27.412
2945,18.435
2946,12.475
2947,8.098
2948,6.315
2949,6.63
2950,6.856
2951,7.9
2952,8.859
2953,8.792
2954,8.924
2955,9.762
2956,9.651
2957,9.594
2958,11.441
2959,19.389
2960,28.933
2961,36.526
2962,36.029
2963,35.683
2964,33.083
2965,31.628
2966,43.468
2967,37.28
2968,27.034
2969,17.437
2970,11.921
2971,7.906
2972,6.382
2973,6.06
2974,6.755
2975,7.87
2976,8.637
2977,9.019
2978,10.1
2979,9.972
2980,10.266
2981,10.046
2982,9.628
2983,8.67
2984,8.034
2985,7.527
2986,10.486
2987,9.138
2988,9.223
2989,9.133
2990,10.757
2991,11.71
2992,7.158
2993,6.997
2994,6.288
2995,6.545
2996,6.281
2997,6.259
2998,7.068
2999,7.845
3000,8.512
3001,9.184
3002,9.174
3003,9.666
3004,9.686
3005,10.143
3006,9.636
3007,8.916
3008,8.545
3009,7.741
3010,10.388
3011,9.245
3012,9.332
3013,9.105
3014,10.298
3015,11.529
3016,7.109
3017,6.846
3018,6.599
3019,6.365
3020,6.409
3021,6.495
3022,6.881
3023,7.755
3024,8.291
3025,9.093
3026,9.527
3027,9.86
3028,10.174
3029,9.653
3030,11.077
3031,19.613
3032,28.498
3033,35.549
3034,35.293
3035,32.281
3036,33.03
3037,34.188
3038,42.179
3039,36.353
3040,27.32
3041,17.935
3042,11.983
3043,7.785
3044,6.44
3045,6.469
3046,7.044
3047,7.991
3048,8.568
3049,8.89
3050,9.654
3051,9.365
3052,9.846
3053,9.978
3054,11.732
3055,20.058
3056,29.267
3057,34.869
3058,35.71
3059,33.655
3060,34.673
3061,33.833
3062,42.183
3063,38.481
3064,27.499
3065,18.164
3066,12.225
3067,7.637
3068,6.571
3069,6.615
3070,6.875
3071,7.322
3072,8.237
3073,9.068
3074,9.209
3075,9.246
3076,9.712
3077,9.226
3078,11.63
3079,19.454
3080,27.975
3081,36.678
3082,34.22
3083,31.922
3084,33.709
3085,34.129
3086,39.896
3087,36.707
3088,26.837
3089,18.273
3090,12.148
3091,8.289
3092,6.363
3093,6.435
3094,6.834
3095,7.162
3096,8.658
3097,8.263
3098,9.752
3099,9.401
3100,9.487
3101,9.696
3102,12.17
3103,19.808
3104,27.8
3105,34.845
3106,35.584
3107,33.421
3108,34.335
3109,32.077
3110,41.921
3111,37.343
3112,26.151
3113,17.789
3114,12.293
3115,7.677
3116,6.452
3117,6.175
3118,6.764
3119,8.074
3120,8.193
3121,8.875
3122,9.39
3123,9.654
3124,10.117
3125,9.583
3126,11.783
3127,19.231
3128,28.473
3129,35.337
3130,34.861
3131,33.659
3132,34.197
3133,32.727
3134,40.371
3135,38.935
3136,27.415
3137,18.095
3138,12.536
3139,7.76
3140,6.045
3141,6.431
3142,6.896
3143,7.736
3144,8.207
3145,8.921
3146,9.701
3147,9.685
3148,9.716
3149,9.811
3150,9.339
3151,9.21
3152,8.333
3153,7.739
3154,10.235
3155,8.853
3156,9.302
3157,9.198
3158,10.8
3159,11.638
3160,6.894
3161,7.069
3162,6.391
3163,6.488
3164,6.231
3165,6.48
3166,7.043
3167,7.566
3168,8.364
3169,9.245
3170,9.042
3171,9.879
3172,9.85
3173,9.953
3174,9.043
3175,8.971
3176,8.6
3177,7.93
3178,10.219
3179,9.074
3180,9.559
3181,8.814
3182,10.618
3183,11.479
3184,7.188
3185,6.883
3186,6.891
3187,6.547
3188,6.696
3189,6.278
3190,6.834
3191,7.879
3192,8.749
3193,8.968
3194,9.072
3195,9.67
3196,10.058
3197,9.887
3198,11.857
3199,20.597
3200,27.632
3201,34.723
3202,33.962
3203,33.63
3204,34.593
3205,35.19
3206,41.601
3207,37.062
3208,26.982
3209,18.82
3210,12.103
3211,7.751
3212,6.393
3213,6.401
3214,7.23
3215,7.498
3216,8.883
3217,8.824
3218,9.239
3219,9.562
3220,9.98
3221,9.719
3222,11.86
3223,19.246
3224,26.765
3225,35.197
3226,35.259
3227,32.494
3228,33.644
3229,34.185
3230,40.54
3231,36.285
3232,26.331
3233,18.194
3234,12.479
3235,8.305
3236,6.592
3237,6.203
3238,6.652
3239,7.648
3240,8.698
3241,9.118
3242,9.308
3243,9.966
3244,10.159
3245,10.077
3246,11.229
3247,19.866
3248,27.039
3249,34.811
3250,33.895
3251,33.512
3252,32.522
3253,34.387
3254,41.362
3255,36.247
3256,27.401
3257,18.959
3258,12.445
3259,7.658
3260,6.36
3261,6.388
3262,6.796
3263,7.341
3264,8.29
3265,9.249
3266,9.237
3267,9.253
3268,9.799
3269,9.99
3270,11.039
3271,19.744
3272,28.221
3273,36.004
3274,35.502
3275,34.246
3276,32.398
3277,34.253
3278,42.799
3279,36.843
3280,27.323
3281,17.797
3282,12.74
3283,7.651
3284,6.669
3285,6.344
3286,7.035
3287,7.567
3288,8.762
3289,8.528
3290,9.519
3291,9.217
3292,9.525
3293,10.182
3294,11.798
3295,18.663
3296,27.929
3297,34.976
3298,35.513
3299,35.294
3300,34.285
3301,34.1
3302,41.9
3303,36.036
3304,27.547
3305,18.68
3306,12.149
3307,7.647
3308,6.637
3309,6.439
3310,6.721
3311,7.588
3312,8.274
3313,8.956
3314,9.415
3315,9.662
3316,10.232
3317,9.924
3318,9.782
3319,8.591
3320,8.393
3321,7.894
3322,10.608
3323,8.983
3324,8.965
3325,9.357
3326,10.574
3327,11.613
3328,7.185
3329,7.027
3330,6.749
3331,6.272
3332,6.677
3333,6.493
3334,7.159
3335,7.568
3336,8.256
3337,8.899
3338,9.229
3339,9.887
3340,9.996
3341,9.597
3342,9.357
3343,9.055
3344,8.212
3345,7.591
3346,10.825
3347,8.967
3348,9.02
3349,9.71
3350,10.065
3351,11.089
3352,7.478
3353,6.976
3354,6.813
3355,6.744
3356,6.29
3357,6.31
3358,6.989
3359,7.654
3360,8.259
3361,8.941
3362,9.119
3363,9.835
3364,10.026
3365,9.683
3366,11.472
3367,19.921
3368,27.557
3369,35.253
3370,34.955
3371,34.975
3372,33.692
3373,33.637
3374,41.205
3375,36.693
3376,26.419
3377,17.84
3378,12.604
3379,7.661
3380,6.42
3381,6.329
3382,6.688
3383,7.58
3384,8.662
3385,8.878
3386,9.273
3387,9.618
3388,9.739
3389,9.778
3390,11.418
3391,19.603
3392,27.59
3393,35.844
3394,35.287
3395,33.912
3396,34.267
3397,33.65
3398,42.629
3399,37.48
3400,28.079
3401,18.224
3402,12.422
3403,7.639
3404,6.408
3405,6.536
3406,6.854
3407,7.955
3408,8.375
3409,9.326
3410,9.185
3411,9.655
3412,9.699
3413,9.968
3414,11.721
3415,19.614
3416,27.615
3417,35.503
3418,35.649
3419,34.438
3420,33.683
3421,33.356
3422,41.48
3423,37.168
3424,27.243
3425,18.053
3426,12.875
3427,7.649
3428,6.647
3429,6.628
3430,7.081
3431,8.028
3432,8.486
3433,8.9
3434,9.309
3435,9.559
3436,10.027
3437,9.362
3438,11.126
3439,20.404
3440,28.641
3441,35.895
3442,35.823
3443,34.386
3444,33.576
3445,32.495
3446,42.702
3447,37.461
3448,26.141
3449,18.325
3450,12.194
3451,7.749
3452,6.353
3453,6.493
3454,6.881
3455,7.448
3456,8.51
3457,9.08
3458,9.096
3459,9.822
3460,10.039
3461,9.685
3462,11.59
3463,19.276
3464,26.711
3465,35.99
3466,34.937
3467,34.096
3468,33.535
3469,33.514
3470,41.542
3471,36.989
3472,27.658
3473,18.066
3474,11.893
3475,7.799
3476,6.196
3477,5.999
3478,6.728
3479,7.585
3480,8.203
3481,8.626
3482,9.379
3483,10.018
3484,10.025
3485,9.724
3486,9.649
3487,8.872
3488,8.185
3489,7.799
3490,10.137
3491,9.214
3492,9.132
3493,9.055
3494,10.508
3495,11.753
3496,6.872
3497,7.095
3498,6.68
3499,6.286
3500,6.411
3501,6.456
3502,6.907
3503,7.716
3504,8.665
3505,8.836
3506,9.531
3507,9.3
3508,9.933
3509,9.268
3510,9.581
3511,8.864
3512,8.404
3513,7.39
3514,10.425
3515,9.326
3516,9.279
3517,9.134
3518,10.628
3519,11.755
3520,7.288
3521,6.938
3522,6.631
3523,6.296
3524,6.399
3525,6.219
3526,6.544
3527,7.627
3528,8.422
3529,9.012
3530,9.688
3531,9.408
3532,9.695
3533,9.372
3534,9.49
3535,8.947
3536,8.269
3537,11.216
3538,9.161
3539,7.839
3540,8.363
3541,8.208
3542,9.221
3543,9.674
3544,7.118
3545,7.149
3546,6.757
3547,6.567
3548,6.602
3549,6.392
3550,6.837
3551,7.574
3552,8.283
3553,9.174
3554,9.332
3555,9.314
3556,9.935
3557,9.698
3558,11.401
3559,18.686
3560,28.75
3561,36.145
3562,34.019
3563,33.861
3564,32.819
3565,32.586
3566,39.204
3567,37.77
3568,27.668
3569,18.118
3570,12.32
3571,8.112
3572,6.284
3573,6.215
3574,6.94
3575,7.774
3576,8.307
3577,8.651
3578,9.251
3579,9.889
3580,9.997
3581,9.316
3582,11.184
3583,19.167
3584,27.915
3585,37.487
3586,34.764
3587,33.786
3588,33.061
3589,35.914
3590,40.752
3591,36.574
3592,27.178
3593,17.655
3594,12.588
3595,7.77
3596,6.27
3597,6.31
3598,6.59
3599,7.562
3600,7.893
3601,8.87
3602,9.315
3603,9.579
3604,9.678
3605,9.518
3606,11.892
3607,20.358
3608,27.815
3609,36.542
3610,34.746
3611,33.478
3612,33.034
3613,34.322
3614,42.014
3615,35.853
3616,27.18
3617,18.024
3618,12.06
3619,7.766
3620,6.098
3621,6.336
3622,7.244
3623,7.753
3624,8.132
3625,6.494
3626,6.419
3627,6.354
3628,6.311
3629,6.405
3630,6.31
3631,13.18
3632,23.224
3633,40.541
3634,41.978
3635,44.798
3636,49.035
3637,50.885
3638,50.353
3639,47.35
3640,36.6
3641,26.642
3642,19.815
3643,16.221
3644,8.746
3645,8.339
3646,7.861
3647,6.796
3648,6.279
3649,6.218
3650,6.091
3651,6.1
3652,6.666
3653,6.542
3654,6.384
3655,6.381
3656,6.397
3657,6.752
3658,13.079
3659,14.727
3660,15.584
3661,18.429
3662,18.224
3663,19.696
3664,10.173
3665,10.447
3666,9.817
3667,9.325
3668,8.799
3669,8.479
3670,7.497
3671,6.867
3672,6.623
3673,6.443
3674,6.496
3675,6.25
3676,6.392
3677,6.221
3678,6.494
3679,6.55
3680,6.56
3681,6.75
3682,12.922
3683,14.531
3684,16.167
3685,18.179
3686,19.495
3687,20.995
3688,10.731
3689,10.149
3690,9.888
3691,9.344
3692,9.053
3693,8.082
3694,7.789
3695,6.705
3696,6.508
3697,6.429
3698,6.46
3699,6.239
3700,6.4
3701,6.337
3702,6.389
3703,13.278
3704,23.191
3705,39.268
3706,44.277
3707,45.702
3708,49.073
3709,44.665
3710,49.09
3711,46.951
3712,33.287
3713,27.723
3714,20.899
3715,15.416
3716,9.199
3717,8.092
3718,7.36
3719,7.002
3720,6.343
3721,6.251
3722,6.727
3723,6.554
3724,6.351
3725,6.279
3726,6.372
3727,13.759
3728,22.242
3729,38.465
3730,44.766
3731,45.009
3732,47.26
3733,49.337
3734,49.406
3735,42.76
3736,35.338
3737,27.56
3738,21.988
3739,16.198
3740,9.029
3741,8.594
3742,7.645
3743,6.804
3744,6.088
3745,6.338
3746,6.439
3747,6.163
3748,6.346
3749,6.679
3750,6.364
3751,12.762
3752,21.726
3753,39.719
3754,42.757
3755,44.345
3756,47.409
3757,49.044
3758,50.11
3759,45.918
3760,34.435
3761,26.303
3762,20.686
3763,16.224
3764,9.259
3765,8.159
3766,7.386
3767,7.005
3768,6.43
3769,6.181
3770,6.355
3771,6.207
3772,6.223
3773,6.191
3774,6.278
3775,13.919
3776,23.378
3777,41.103
3778,44.563
3779,45.176
3780,47.617
3781,48.823
3782,48.56
3783,44.196
3784,36.326
3785,25.916
3786,20.961
3787,16.51
3788,9.205
3789,8.387
3790,7.306
3791,6.846
3792,6.383
3793,6.249
3794,6.087
3795,6.477
3796,6.156
3797,6.132
3798,6.685
3799,12.84
3800,22.563
3801,39.802
3802,43.46
3803,44.174
3804,46.306
3805,49.679
3806,49.544
3807,45.492
3808,33.606
3809,26.347
3810,21.303
3811,15.949
3812,8.82
3813,8.388
3814,7.645
3815,6.811
3816,6.314
3817,6.525
3818,6.666
3819,6.592
3820,6.155
3821,6.874
3822,6.193
3823,6.209
3824,6.454
3825,6.738
3826,12.754
3827,15.063
3828,16.778
3829,17.552
3830,19.182
3831,20.402
3832,10.816
3833,10.729
3834,10.343
3835,9.829
3836,8.919
3837,8.037
3838,7.612
3839,6.678
3840,6.604
3841,6.265
3842,6.344
3843,6.337
3844,6.56
3845,6.525
3846,6.409
3847,6.452
3848,6.664
3849,6.457
3850,12.876
3851,14.978
3852,16.895
3853,18.314
3854,18.777
3855,19.63
3856,10.713
3857,10.282
3858,10.085
3859,9.295
3860,8.766
3861,8.382
3862,7.452
3863,6.626
3864,6.375
3865,6.453
3866,6.363
3867,6.433
3868,6.419
3869,6.365
3870,6.403
3871,12.944
3872,22.516
3873,37.906
3874,42.119
3875,43.984
3876,46.671
3877,50.074
3878,49.881
3879,45.69
3880,34.69
3881,26.922
3882,21.74
3883,16.21
3884,8.849
3885,8.068
3886,7.582
3887,6.595
3888,6.519
3889,6.243
3890,6.14
3891,6.482
3892,6.198
3893,6.502
3894,6.571
3895,13.041
3896,22.921
3897,41.113
3898,42.879
3899,47.14
3900,46.754
3901,47.556
3902,50.014
3903,45.775
3904,36.534
3905,27.323
3906,21.048
3907,16.512
3908,9.076
3909,8.475
3910,7.435
3911,6.572
3912,6.438
3913,6.836
3914,6.534
3915,6.293
3916,6.628
3917,6.107
3918,6.365
3919,13.369
3920,22.418
3921,39.14
3922,43.199
3923,44.714
3924,46.217
3925,47.378
3926,47.946
3927,44.419
3928,35.437
3929,27.403
3930,20.51
3931,15.753
3932,9.398
3933,8.073
3934,7.55
3935,6.596
3936,6.29
3937,6.467
3938,6.479
3939,6.609
3940,6.512
3941,6.43
3942,6.505
3943,12.896
3944,23.492
3945,40.26
3946,43.915
3947,46.007
3948,45.397
3949,47.317
3950,50.057
3951,45.684
3952,36.037
3953,26.802
3954,20.76
3955,16.756
3956,9.114
3957,8.466
3958,7.757
3959,6.968
3960,6.456
3961,6.521
3962,6.448
3963,6.577
3964,6.77
3965,6.238
3966,6.285
3967,6.659
3968,8.631
3969,13.283
3970,15.105
3971,17.723
3972,19.398
3973,21.725
3974,21.831
3975,23.141
3976,20.276
3977,10.062
3978,9.869
3979,9.724
3980,8.906
3981,8.223
3982,7.408
3983,6.729
3984,6.26
3985,6.2
3986,6.467
3987,6.425
3988,6.562
3989,6.489
3990,6.473
3991,6.526
3992,6.259
3993,6.67
3994,12.726
3995,14.925
3996,16.662
3997,17.858
3998,19.059
3999,20.023
4000,10.234
4001,10.657
4002,10.331
4003,9.882
4004,9.26
4005,8.518
4006,7.178
4007,6.792
4008,6.176
4009,6.253
4010,6.384
4011,6.595
4012,6.458
4013,6.442
4014,6.691
4015,6.444
4016,6.253
4017,6.519
4018,12.363
4019,14.625
4020,15.765
4021,18.15
4022,19.296
4023,19.54
4024,10.566
4025,10.571
4026,9.976
4027,9.835
4028,8.874
4029,8.432
4030,7.807
4031,6.809
4032,6.201
4033,6.419
4034,6.418
4035,6.267
4036,6.203
4037,6.344
4038,6.544
4039,6.536
4040,8.849
4041,13.412
4042,16.127
4043,16.951
4044,19.341
4045,20.561
4046,22.696
4047,22.65
4048,18.969
4049,10.499
4050,9.851
4051,9.447
4052,9.245
4053,8.306
4054,7.693
4055,6.607
4056,6.613
4057,6.377
4058,6.092
4059,6.262
4060,6.181
4061,6.171
4062,6.487
4063,6.464
4064,8.718
4065,13.18
4066,15.576
4067,16.682
4068,18.899
4069,20.604
4070,21.569
4071,22.688
4072,19.46
4073,10.559
4074,10.213
4075,9.889
4076,8.927
4077,8.446
4078,7.585
4079,6.795
4080,6.426
4081,6.06
4082,6.712
4083,6.258
4084,6.278
4085,6.353
4086,6.195
4087,6.685
4088,8.458
4089,13.198
4090,15.053
4091,17.506
4092,19.797
4093,20.827
4094,21.457
4095,23.38
4096,19.609
4097,10.248
4098,10.117
4099,9.69
4100,9.089
4101,8.311
4102,7.537
4103,7.069
4104,6.859
4105,6.433
4106,6.258
4107,6.237
4108,6.535
4109,6.145
4110,6.376
4111,6.468
4112,8.63
4113,13.291
4114,16.078
4115,17.662
4116,18.905
4117,21.091
4118,21.78
4119,22.339
4120,19.273
4121,10.745
4122,9.994
4123,9.641
4124,9.266
4125,8.374
4126,7.578
4127,6.642
4128,6.778
4129,6.536
4130,6.026
4131,6.614
4132,6.199
4133,6.185
4134,6.293
4135,6.606
4136,8.533
4137,13.498
4138,14.73
4139,17.783
4140,19.002
4141,20.019
4142,22.058
4143,22.909
4144,19.513
4145,10.773
4146,10.284
4147,10.021
4148,9.023
4149,8.333
4150,7.695
4151,6.95
4152,6.352
4153,6.707
4154,6.424
4155,6.406
4156,6.476
4157,6.268
4158,6.141
4159,6.734
4160,6.575
4161,6.598
4162,12.683
4163,14.812
4164,16.197
4165,18.597
4166,18.911
4167,20.392
4168,10.372
4169,10.568
4170,10.528
4171,9.773
4172,8.925
4173,8.356
4174,7.669
4175,6.682
4176,6.342
4177,6.687
4178,6.629
4179,6.299
4180,6.194
4181,6.2
4182,6.227
4183,6.36
4184,6.393
4185,6.521
4186,12.688
4187,13.526
4188,16.454
4189,18.675
4190,18.566
4191,18.466
4192,10.582
4193,10.619
4194,10.032
4195,9.713
4196,9.327
4197,8.661
4198,7.645
4199,6.546
4200,6.432
4201,6.245
4202,6.403
4203,6.366
4204,6.314
4205,6.65
4206,6.369
4207,6.168
4208,8.673
4209,13.657
4210,15.392
4211,16.982
4212,18.923
4213,20.382
4214,21.605
4215,22.234
4216,19.364
4217,10.082
4218,10.198
4219,9.469
4220,9.234
4221,8.39
4222,7.816
4223,6.524
4224,6.631
4225,6.386
4226,6.504
4227,6.548
4228,6.559
4229,6.415
4230,6.478
4231,6.39
4232,8.748
4233,13.128
4234,15.528
4235,17.984
4236,20.089
4237,21.239
4238,22.68
4239,22.928
4240,19.984
4241,10.943
4242,10.122
4243,9.275
4244,8.997
4245,8.349
4246,7.377
4247,6.552
4248,6.326
4249,6.208
4250,6.551
4251,6.678
4252,6.513
4253,6.182
4254,6.438
4255,6.268
4256,8.651
4257,13.151
4258,15.75
4259,17.621
4260,18.976
4261,20.947
4262,21.915
4263,23.609
4264,18.546
4265,10.544
4266,10.451
4267,9.569
4268,8.923
4269,8.347
4270,7.359
4271,6.664
4272,6.241
4273,6.377
4274,6.07
4275,6.309
4276,6.494
4277,6.344
4278,6.339
4279,6.549
4280,8.93
4281,13.18
4282,15.835
4283,16.559
4284,18.725
4285,20.963
4286,22.022
4287,22.699
4288,19.892
4289,10.383
4290,10.329
4291,9.54
4292,8.894
4293,7.921
4294,7.66
4295,6.608
4296,6.566
4297,6.567
4298,6.369
4299,6.419
4300,6.437
4301,6.372
4302,6.172
4303,6.637
4304,8.469
4305,13.605
4306,15.484
4307,17.443
4308,19.234
4309,21.158
4310,21.404
4311,23.193
4312,19.552
4313,10.446
4314,10.031
4315,9.647
4316,9.166
4317,8.067
4318,7.208
4319,6.708
4320,6.517
4321,6.357
4322,6.625
4323,6.613
4324,6.63
4325,6.638
4326,6.447
4327,6.496
4328,6.296
4329,6.301
4330,12.767
4331,14.303
4332,16.315
4333,16.838
4334,19.577
4335,19.798
4336,10.383
4337,10.135
4338,9.93
4339,9.454
4340,8.816
4341,8.017
4342,7.493
4343,6.697
4344,6.543
4345,6.914
4346,6.707
4347,6.356
4348,6.46
4349,6.493
4350,6.927
4351,7.563
4352,7.814
4353,8.606
4354,16.551
4355,18.631
4356,20.402
4357,23.017
4358,22.314
4359,23.593
4360,12.047
4361,11.72
4362,11.767
4363,11.22
4364,10.664
4365,9.773
4366,9.393
4367,8.296
4368,7.741
4369,7.384
4370,7.02
4371,6.379
4372,6.505
4373,6.487
4374,6.96
4375,7.251
4376,13.198
4377,18.457
4378,19.123
4379,21.248
4380,22.688
4381,24.532
4382,24.533
4383,25.3
4384,23.821
4385,12.047
4386,11.884
4387,10.962
4388,10.353
4389,9.905
4390,9.542
4391,8.51
4392,7.85
4393,7.443
4394,6.847
4395,6.531
4396,6.474
4397,6.47
4398,7.049
4399,7.212
4400,12.433
4401,18.079
4402,20.063
4403,21.17
4404,23.541
4405,25.243
4406,23.548
4407,25.266
4408,23.462
4409,11.668
4410,12.156
4411,11.307
4412,10.605
4413,9.968
4414,9.136
4415,8.358
4416,7.838
4417,7.412
4418,6.52
4419,6.54
4420,6.333
4421,6.515
4422,6.655
4423,7.257
4424,12.321
4425,17.767
4426,19.472
4427,20.531
4428,23.364
4429,22.853
4430,25.46
4431,25.421
4432,23.378
4433,11.845
4434,11.902
4435,11.159
4436,10.576
4437,10.232
4438,9.116
4439,8.488
4440,8.093
4441,7.35
4442,7.119
4443,6.576
4444,6.32
4445,6.676
4446,6.939
4447,7.181
4448,12.832
4449,17.739
4450,19.844
4451,21.44
4452,23.047
4453,25.619
4454,25.994
4455,25.527
4456,23.35
4457,11.856
4458,11.755
4459,11.283
4460,10.73
4461,9.53
4462,8.862
4463,8.791
4464,7.809
4465,7.472
4466,6.872
4467,6.414
4468,6.135
4469,6.584
4470,6.87
4471,7.547
4472,12.597
4473,17.81
4474,18.714
4475,21.098
4476,23.264
4477,24.366
4478,25.14
4479,27.341
4480,24.16
4481,11.627
4482,11.693
4483,11.096
4484,11.027
4485,10.012
4486,9.361
4487,8.295
4488,8.074
4489,7.176
4490,7.099
4491,6.679
4492,6.301
4493,6.587
4494,6.824
4495,7.191
4496,7.961
4497,8.488
4498,16.879
4499,18.395
4500,20.01
4501,21.89
4502,23.071
4503,24.309
4504,11.634
4505,11.979
4506,12.129
4507,11.026
4508,10.355
4509,9.722
4510,9.406
4511,8.225
4512,7.818
4513,7.11
4514,6.685
4515,6.451
4516,6.345
4517,6.441
4518,6.773
4519,7.279
4520,7.726
4521,8.594
4522,16.664
4523,18.478
4524,20.411
4525,20.911
4526,22.497
4527,23.277
4528,11.734
4529,11.876
4530,11.45
4531,10.961
4532,10.902
4533,10.471
4534,9.452
4535,8.557
4536,8.034
4537,7.287
4538,6.738
4539,6.519
4540,6.351
4541,6.143
4542,6.64
4543,7.081
4544,12.814
4545,17.562
4546,18.718
4547,21.408
4548,23.288
4549,25.054
4550,25.935
4551,27.983
4552,22.725
4553,12.339
4554,11.933
4555,11.038
4556,10.598
4557,9.767
4558,9.195
4559,8.4
4560,7.727
4561,7.23
4562,6.607
4563,6.684
4564,6.546
4565,6.388
4566,6.929
4567,7.04
4568,12.096
4569,17.916
4570,19.867
4571,21.027
4572,23.426
4573,25.786
4574,27.637
4575,25.829
4576,23.419
4577,11.579
4578,12.49
4579,11.094
4580,10.861
4581,9.976
4582,8.98
4583,8.45
4584,7.55
4585,7.115
4586,6.737
4587,6.538
4588,6.041
4589,6.49
4590,7.216
4591,7.058
4592,12.764
4593,17.588
4594,18.217
4595,20.89
4596,22.727
4597,25.102
4598,25.679
4599,26.26
4600,23.62
4601,11.984
4602,11.616
4603,11.403
4604,10.267
4605,9.901
4606,9.512
4607,8.039
4608,7.66
4609,7.259
4610,6.821
4611,6.446
4612,6.474
4613,6.357
4614,6.949
4615,7.266
4616,13.235
4617,18.152
4618,19.87
4619,22.181
4620,22.658
4621,24.401
4622,24.577
4623,26.98
4624,24.19
4625,11.801
4626,11.309
4627,11.531
4628,10.436
4629,9.827
4630,9.578
4631,8.418
4632,7.778
4633,7.522
4634,6.883
4635,6.328
4636,6.646
4637,6.218
4638,6.953
4639,7.319
4640,12.495
4641,17.43
4642,19.054
4643,22.349
4644,23.194
4645,24.194
4646,26.07
4647,27.2
4648,23.414
4649,12.154
4650,11.942
4651,11.233
4652,10.717
4653,9.924
4654,8.994
4655,8.225
4656,7.902
4657,7.102
4658,6.779
4659,6.461
4660,6.56
4661,6.547
4662,6.835
4663,7.179
4664,7.787
4665,8.422
4666,16.972
4667,17.885
4668,20.379
4669,22.049
4670,23.194
4671,23.035
4672,11.915
4673,11.832
4674,11.506
4675,10.875
4676,10.344
4677,9.955
4678,9.312
4679,8.525
4680,7.644
4681,7.3
4682,6.749
4683,6.421
4684,6.257
4685,6.418
4686,6.904
4687,7.197
4688,7.79
4689,8.281
4690,18.043
4691,17.632
4692,19.356
4693,21.562
4694,23.083
4695,24.722
4696,12.196
4697,12.035
4698,11.932
4699,11.243
4700,10.113
4701,10.016
4702,9.273
4703,8.955
4704,7.673
4705,7.458
4706,6.552
4707,6.75
4708,6.426
4709,6.637
4710,6.902
4711,7.353
4712,12.692
4713,17.484
4714,19.521
4715,21.013
4716,23.057
4717,23.593
4718,25.812
4719,27.05
4720,23.927
4721,12.338
4722,11.708
4723,11.173
4724,10.565
4725,10.05
4726,9.389
4727,8.566
4728,7.551
4729,7.48
4730,6.864
4731,6.662
4732,6.413
4733,6.459
4734,7.111
4735,7.037
4736,12.126
4737,18.663
4738,19.717
4739,21.194
4740,22.784
4741,23.349
4742,26.901
4743,26.871
4744,23.525
4745,12.192
4746,11.397
4747,11.345
4748,10.921
4749,9.404
4750,9.361
4751,8.653
4752,7.834
4753,7.07
4754,6.755
4755,6.427
4756,6.463
4757,6.415
4758,6.912
4759,7.137
4760,12.496
4761,18.295
4762,19.521
4763,21.708
4764,22.372
4765,25.516
4766,24.768
4767,26.469
4768,23.099
4769,11.718
4770,11.584
4771,11.562
4772,11.095
4773,9.894
4774,9.141
4775,8.095
4776,8.149
4777,7.038
4778,6.628
4779,6.518
4780,6.523
4781,6.749
4782,7.151
4783,7.367
4784,12.509
4785,17.484
4786,19.512
4787,21.854
4788,23.674
4789,24.961
4790,24.484
4791,26.031
4792,24.075
4793,11.786
4794,11.641
4795,11.981
4796,10.613
4797,10.307
4798,9.647
4799,8.655
4800,7.729
4801,6.818
4802,6.637
4803,6.606
4804,6.5
4805,6.692
4806,6.595
4807,7.267
4808,12.012
4809,17.384
4810,19.859
4811,20.254
4812,23.594
4813,25.706
4814,24.778
4815,26.234
4816,24.227
4817,12.095
4818,11.78
4819,11.246
4820,10.268
4821,9.919
4822,9.52
4823,8.512
4824,7.955
4825,7.165
4826,6.635
4827,6.431
4828,6.236
4829,6.28
4830,6.779
4831,7.189
4832,7.63
4833,8.642
4834,16.474
4835,18.889
4836,20.643
4837,22.759
4838,23.165
4839,24.139
4840,12.064
4841,11.525
4842,11.913
4843,11.687
4844,10.599
4845,10.474
4846,9.436
4847,8.919
4848,7.779
4849,7.071
4850,6.792
4851,6.383
4852,6.437
4853,6.462
4854,6.811
4855,7.214
4856,7.624
4857,8.381
4858,17.402
4859,18.661
4860,19.706
4861,20.747
4862,22.783
4863,23.837
4864,11.686
4865,11.412
4866,11.827
4867,12.112
4868,10.864
4869,9.705
4870,9.196
4871,8.469
4872,7.566
4873,6.977
4874,6.758
4875,6.63
4876,6.446
4877,6.39
4878,6.869
4879,7.325
4880,12.35
4881,17.235
4882,19.916
4883,22.032
4884,23.357
4885,25.306
4886,26.644
4887,25.396
4888,23.507
4889,12.338
4890,11.994
4891,11.616
4892,10.476
4893,10.122
4894,9.402
4895,8.367
4896,7.851
4897,6.99
4898,6.639
4899,6.554
4900,6.573
4901,6.501
4902,7.043
4903,7.5
4904,12.35
4905,17.731
4906,19.353
4907,21.864
4908,23.537
4909,24.094
4910,26.295
4911,25.533
4912,23.913
4913,11.217
4914,11.612
4915,11.018
4916,10.812
4917,10.016
4918,8.718
4919,8.208
4920,7.699
4921,7.444
4922,7.059
4923,6.612
4924,6.633
4925,6.379
4926,6.853
4927,7.253
4928,12.319
4929,17.62
4930,19.425
4931,21.667
4932,23.409
4933,24.244
4934,25.359
4935,25.15
4936,23.522
4937,11.915
4938,11.655
4939,11.369
4940,10.501
4941,9.713
4942,9.084
4943,8.421
4944,7.857
4945,7.121
4946,6.708
4947,6.285
4948,6.34
4949,6.217
4950,6.671
4951,7.328
4952,12.715
4953,17.707
4954,19.489
4955,21.905
4956,22.441
4957,24.853
4958,25.241
4959,26.589
4960,23.141
4961,11.783
4962,11.755
4963,11.035
4964,10.31
4965,9.833
4966,8.934
4967,8.525
4968,7.695
4969,7.002
4970,6.844
4971,6.566
4972,6.376
4973,6.454
4974,6.937
4975,7.181
4976,12.742
4977,17.272
4978,19.873
4979,21.346
4980,23.422
4981,24.414
4982,25.217
4983,25.612
4984,23.109
4985,11.808
4986,11.286
4987,11.567
4988,10.905
4989,9.446
4990,8.73
4991,8.171
4992,7.845
4993,7.715
4994,6.582
4995,6.45
4996,6.618
4997,6.421
4998,6.972
4999,7.399
5000,7.808
5001,8.681
5002,17.261
5003,18.035
5004,20.3
5005,21.505
5006,22.985
5007,22.954
5008,11.742
5009,11.962
5010,11.662
5011,11.605
5012,10.688
5013,10.309
5014,9.525
5015,8.736
5016,7.124
5017,7.091
5018,6.861
5019,6.286
5020,6.321
5021,6.61
5022,6.791
5023,7.167
5024,8.153
5025,8.404
5026,17.335
5027,18.667
5028,20.44
5029,21.653
5030,22.486
5031,23.541
5032,11.63
5033,12.128
5034,11.697
5035,11.093
5036,10.844
5037,9.693
5038,8.77
5039,8.583
5040,7.545
5041,6.978
5042,6.81
5043,6.658
5044,6.28
5045,6.356
5046,7.038
5047,6.975
5048,12.929
5049,17.967
5050,19.244
5051,21.35
5052,22.625
5053,24.172
5054,25.603
5055,25.938
5056,22.272
5057,12.158
5058,11.488
5059,11.439
5060,10.591
5061,10.653
5062,9.352
5063,8.208
5064,7.546
5065,7.068
5066,6.71
5067,6.233
5068,6.225
5069,6.504
5070,6.518
5071,7.212
5072,12.734
5073,17.329
5074,19.895
5075,21.469
5076,23.754
5077,24.99
5078,25.565
5079,26.301
5080,23.497
5081,12.058
5082,11.17
5083,11.476
5084,10.483
5085,10.235
5086,9.265
5087,8.356
5088,7.814
5089,6.712
5090,6.285
5091,6.131
5092,6.364
5093,6.607
5094,6.659
5095,6.646
5096,10.21
5097,15.803
5098,17.509
5099,19.458
5100,20.662
5101,22.547
5102,23.117
5103,25.949
5104,21.382
5105,11.049
5106,10.574
5107,10.715
5108,10.025
5109,9.468
5110,8.545
5111,7.652
5112,6.934
5113,6.355
5114,6.34
5115,6.515
5116,6.317
5117,6.451
5118,6.526
5119,6.405
5120,11.046
5121,16.064
5122,17.89
5123,19.532
5124,21.336
5125,22.214
5126,23.323
5127,24.68
5128,21.828
5129,11.129
5130,11.049
5131,10.404
5132,9.688
5133,9.204
5134,8.553
5135,7.609
5136,6.958
5137,6.399
5138,6.434
5139,6.169
5140,6.449
5141,6.447
5142,6.438
5143,6.388
5144,10.857
5145,15.459
5146,17.383
5147,19.935
5148,20.538
5149,22.337
5150,23.478
5151,24.924
5152,20.582
5153,11.029
5154,10.616
5155,10.898
5156,9.813
5157,9.082
5158,8.496
5159,7.91
5160,6.697
5161,6.304
5162,6.44
5163,6.304
5164,6.174
5165,6.292
5166,6.43
5167,6.532
5168,7.409
5169,7.425
5170,14.433
5171,16.304
5172,18.961
5173,19.523
5174,20.289
5175,22.236
5176,11.081
5177,11.506
5178,10.971
5179,10.291
5180,10.102
5181,9.389
5182,8.79
5183,7.662
5184,7.006
5185,6.717
5186,6.583
5187,6.446
5188,6.269
5189,6.237
5190,6.176
5191,6.318
5192,7.026
5193,7.512
5194,15.258
5195,15.728
5196,18.14
5197,19.63
5198,21.41
5199,22.078
5200,10.943
5201,11.258
5202,10.627
5203,10.541
5204,9.58
5205,9.231
5206,8.783
5207,8.137
5208,7.255
5209,6.312
5210,6.322
5211,6.256
5212,6.307
5213,6.125
5214,6.304
5215,6.66
5216,11.384
5217,16.07
5218,17.811
5219,19.873
5220,20.404
5221,22.223
5222,24.302
5223,24.383
5224,21.154
5225,11.433
5226,10.392
5227,10.77
5228,9.68
5229,9.331
5230,8.472
5231,7.883
5232,7.238
5233,6.315
5234,6.539
5235,6.486
5236,6.633
5237,6.32
5238,6.595
5239,6.597
5240,10.663
5241,16.295
5242,17.556
5243,19.99
5244,21.19
5245,22.764
5246,23.863
5247,25.148
5248,21.304
5249,11.356
5250,11.076
5251,10.24
5252,10.109
5253,9.54
5254,8.58
5255,7.821
5256,6.912
5257,6.688
5258,6.159
5259,6.428
5260,6.653
5261,6.295
5262,6.491
5263,6.361
5264,10.959
5265,15.335
5266,17.538
5267,19.233
5268,21.297
5269,21.737
5270,24.72
5271,24.716
5272,21.089
5273,11.611
5274,10.906
5275,10.532
5276,9.952
5277,9.567
5278,8.505
5279,7.536
5280,7.078
5281,6.547
5282,6.401
5283,6.301
5284,6.276
5285,6.133
5286,6.482
5287,6.344
5288,10.609
5289,16.1
5290,18.199
5291,19.038
5292,21.057
5293,22.479
5294,24.124
5295,23.888
5296,20.922
5297,11.312
5298,10.748
5299,10.195
5300,9.878
5301,8.99
5302,8.414
5303,7.991
5304,7.031
5305,6.457
5306,6.33
5307,6.161
5308,6.433
5309,6.568
5310,6.607
5311,6.941
5312,10.702
5313,15.977
5314,17.233
5315,20.449
5316,21.77
5317,23.248
5318,24.178
5319,24.445
5320,19.996
5321,11.544
5322,11.095
5323,10.532
5324,9.677
5325,9.401
5326,8.535
5327,7.781
5328,6.867
5329,6.297
5330,6.391
5331,6.388
5332,6.239
5333,6.683
5334,6.335
5335,6.468
5336,7.109
5337,8.027
5338,14.697
5339,16.733
5340,17.921
5341,20.493
5342,21.314
5343,21.88
5344,11.37
5345,11.702
5346,10.882
5347,10.312
5348,9.738
5349,9.438
5350,8.596
5351,7.835
5352,6.948
5353,6.567
5354,6.501
5355,6.422
5356,6.384
5357,6.481
5358,6.469
5359,6.401
5360,7.008
5361,7.41
5362,15.212
5363,16.765
5364,19.228
5365,19.079
5366,21.179
5367,22.116
5368,11.093
5369,11.329
5370,10.99
5371,10.603
5372,9.823
5373,8.47
5374,8.489
5375,7.761
5376,6.934
5377,6.264
5378,6.489
5379,6.469
5380,6.658
5381,6.276
5382,6.595
5383,6.482
5384,10.648
5385,16.096
5386,18.109
5387,19.288
5388,22.077
5389,22.713
5390,23.088
5391,23.828
5392,21.922
5393,11.039
5394,10.937
5395,10.492
5396,9.853
5397,9.426
5398,8.37
5399,7.528
5400,6.656
5401,6.46
5402,6.363
5403,6.603
5404,6.292
5405,6.569
5406,6.359
5407,6.758
5408,10.519
5409,15.738
5410,18.021
5411,20.125
5412,21.692
5413,21.945
5414,24.47
5415,24.52
5416,20.481
5417,11.038
5418,10.817
5419,10.255
5420,10.203
5421,9.325
5422,8.713
5423,7.572
5424,6.768
5425,6.552
5426,6.411
5427,6.543
5428,6.511
5429,6.43
5430,6.533
5431,6.491
5432,10.837
5433,16.683
5434,18.292
5435,19.03
5436,20.403
5437,23.473
5438,23.562
5439,24.445
5440,21.09
5441,11.286
5442,10.8
5443,10.153
5444,9.44
5445,8.651
5446,8.248
5447,7.979
5448,6.897
5449,6.475
5450,6.585
5451,6.615
5452,6.316
5453,6.519
5454,6.345
5455,6.165
5456,11.04
5457,15.941
5458,17.332
5459,19.645
5460,21.421
5461,22.797
5462,23.246
5463,24.419
5464,21.513
5465,11.405
5466,10.854
5467,10.181
5468,9.986
5469,9.486
5470,8.346
5471,7.84
5472,7.248
5473,6.65
5474,6.62
5475,6.45
5476,6.63
5477,6.622
5478,6.273
5479,6.529
5480,10.845
5481,15.625
5482,17.575
5483,18.563
5484,21.621
5485,23.184
5486,24.508
5487,25.353
5488,21.027
5489,11.149
5490,11.334
5491,10.747
5492,9.699
5493,8.658
5494,8.423
5495,7.536
5496,7.074
5497,6.636
5498,6.173
5499,6.449
5500,6.21
5501,6.803
5502,6.413
5503,6.556
5504,6.878
5505,7.33
5506,14.629
5507,16.409
5508,19.053
5509,19.397
5510,21.526
5511,22.023
5512,11.259
5513,10.498
5514,10.762
5515,10.719
5516,10.014
5517,9.236
5518,8.167
5519,7.767
5520,7.107
5521,6.4
5522,6.474
5523,6.291
5524,6.084
5525,6.302
5526,6.295
5527,6.676
5528,7.19
5529,7.733
5530,14.783
5531,17.046
5532,19.202
5533,19.487
5534,20.753
5535,22.42
5536,11.426
5537,11.071
5538,11.228
5539,10.609
5540,9.648
5541,9.264
5542,8.47
5543,8.062
5544,7.17
5545,6.557
5546,6.426
5547,6.488
5548,6.183
5549,6.172
5550,6.467
5551,6.544
5552,10.673
5553,15.103
5554,17.239
5555,19.807
5556,21.311
5557,22.339
5558,23.269
5559,24.69
5560,21.27
5561,11.149
5562,10.775
5563,10.504
5564,9.951
5565,9.057
5566,8.824
5567,7.628
5568,7.092
5569,6.228
5570,6.245
5571,6.552
5572,6.521
5573,6.439
5574,6.297
5575,6.536
5576,10.514
5577,16.322
5578,16.556
5579,19.356
5580,20.82
5581,23.438
5582,23.704
5583,25.285
5584,22.122
5585,11.321
5586,10.466
5587,10.267
5588,9.758
5589,9.293
5590,8.552
5591,7.485
5592,7.201
5593,6.315
5594,6.348
5595,6.446
5596,6.384
5597,6.656
5598,6.588
5599,6.265
5600,10.478
5601,16.354
5602,17.771
5603,19.851
5604,21.257
5605,23.401
5606,24.282
5607,25.008
5608,20.989
5609,11.364
5610,10.473
5611,10.402
5612,9.724
5613,9.023
5614,8.273
5615,7.354
5616,7.281
5617,6.445
5618,6.377
5619,6.485
5620,6.576
5621,6.619
5622,6.336
5623,6.509
5624,10.538
5625,16.188
5626,17.73
5627,19.988
5628,21.683
5629,23.146
5630,24.142
5631,24.58
5632,20.687
5633,11.286
5634,11.372
5635,10.351
5636,9.714
5637,9.343
5638,8.826
5639,7.541
5640,6.636
5641,6.379
5642,6.421
5643,6.382
5644,6.363
5645,6.325
5646,6.301
5647,6.345
5648,10.879
5649,16.125
5650,17.018
5651,20.317
5652,21.478
5653,23.017
5654,23.654
5655,24.682
5656,20.75
5657,11.637
5658,11.298
5659,10.402
5660,9.555
5661,9.131
5662,8.597
5663,7.666
5664,6.922
5665,6.505
5666,6.265
5667,6.619
5668,6.556
5669,6.511
5670,6.292
5671,6.512
5672,7.259
5673,7.337
5674,15.065
5675,17.402
5676,19.349
5677,19.495
5678,21.235
5679,22.362
5680,11.63
5681,10.679
5682,10.364
5683,10.505
5684,10.004
5685,9.173
5686,8.402
5687,7.99
5688,7.324
5689,6.383
5690,6.43
5691,6.22
5692,6.683
5693,6.18
5694,6.234
5695,6.335
5696,6.878
5697,7.99
5698,15.858
5699,16.921
5700,18.355
5701,20.33
5702,20.611
5703,22.522
5704,11.28
5705,11.312
5706,10.724
5707,10.411
5708,9.481
5709,9.205
5710,8.66
5711,7.384
5712,6.884
5713,6.402
5714,6.355
5715,6.391
5716,6.398
5717,6.45
5718,6.399
5719,6.207
5720,10.866
5721,16.375
5722,17.835
5723,18.678
5724,21.367
5725,22.972
5726,23.233
5727,24.573
5728,22.032
5729,11.647
5730,10.947
5731,10.597
5732,9.84
5733,9.107
5734,8.765
5735,7.929
5736,7.172
5737,6.394
5738,6.64
5739,6.572
5740,6.198
5741,6.579
5742,6.432
5743,6.524
5744,10.238
5745,15.316
5746,18.159
5747,19.169
5748,21.675
5749,21.949
5750,22.944
5751,25.698
5752,21.836
5753,11.158
5754,10.973
5755,10.279
5756,9.969
5757,9.472
5758,8.384
5759,7.836
5760,6.764
5761,6.771
5762,6.566
5763,6.4
5764,6.352
5765,6.631
5766,6.324
5767,6.539
5768,10.697
5769,15.53
5770,18.181
5771,19.343
5772,21.49
5773,22.506
5774,23.742
5775,24.421
5776,21.001
5777,11.399
5778,10.889
5779,10.69
5780,10.065
5781,9.482
5782,8.368
5783,7.871
5784,7.032
5785,6.475
5786,6.291
5787,6.329
5788,6.506
5789,6.35
5790,6.288
5791,6.616
5792,10.878
5793,15.413
5794,17.768
5795,20.095
5796,21.826
5797,22.398
5798,23.161
5799,24.302
5800,22.068
5801,11.402
5802,10.287
5803,10.689
5804,9.333
5805,9.646
5806,8.651
5807,7.666
5808,7.082
5809,6.586
5810,6.326
5811,6.479
5812,6.384
5813,6.365
5814,6.649
5815,6.149
5816,10.795
5817,15.344
5818,17.64
5819,19.198
5820,22.596
5821,22.411
5822,23.741
5823,24.147
5824,21.825
5825,11.051
5826,10.734
5827,10.954
5828,10.074
5829,9.263
5830,8.983
5831,7.62
5832,6.919
5833,6.882
5834,7.652
5835,7.565
5836,8.003
5837,7.563
5838,7.091
5839,6.88
5840,6.537
5841,6.596
5842,9.435
5843,10.329
5844,12.139
5845,12.508
5846,14.609
5847,15.232
5848,8.593
5849,8.421
5850,8.464
5851,8.057
5852,7.607
5853,6.539
5854,6.278
5855,6.707
5856,6.438
5857,6.93
5858,7.171
5859,7.765
5860,7.889
5861,7.846
5862,7.47
5863,7.117
5864,6.58
5865,6.487
5866,9.407
5867,10.454
5868,11.991
5869,13.214
5870,14.805
5871,14.998
5872,8.628
5873,8.41
5874,8.724
5875,7.644
5876,7.371
5877,6.682
5878,6.545
5879,6.399
5880,6.504
5881,6.987
5882,6.923
5883,7.537
5884,8.036
5885,7.527
5886,7.453
5887,7.484
5888,8.592
5889,11.181
5890,11.253
5891,12.32
5892,14.349
5893,15.551
5894,17.481
5895,17.839
5896,13.987
5897,8.737
5898,8.483
5899,7.763
5900,7.422
5901,6.667
5902,6.259
5903,6.45
5904,6.52
5905,6.874
5906,7.238
5907,7.763
5908,8.22
5909,7.677
5910,7.677
5911,14.388
5912,23.878
5913,32.203
5914,33.416
5915,40.308
5916,42.627
5917,43.517
5918,46.663
5919,42.931
5920,30.243
5921,21.849
5922,16.397
5923,11.856
5924,7.112
5925,6.477
5926,6.499
5927,6.143
5928,6.85
5929,7.074
5930,7.372
5931,7.655
5932,7.563
5933,8.03
5934,7.621
5935,14.616
5936,25.09
5937,33.202
5938,33.569
5939,41.427
5940,42.325
5941,43.739
5942,45.008
5943,41.141
5944,31.674
5945,23.14
5946,15.341
5947,12.364
5948,7.436
5949,6.574
5950,6.336
5951,6.106
5952,6.684
5953,6.829
5954,7.549
5955,7.605
5956,7.456
5957,7.765
5958,7.73
5959,14.431
5960,24.55
5961,33.828
5962,34.147
5963,41.422
5964,41.896
5965,42.991
5966,44.798
5967,40.908
5968,30.839
5969,21.94
5970,17.232
5971,11.853
5972,7.074
5973,6.374
5974,6.127
5975,6.243
5976,6.584
5977,6.971
5978,7.3
5979,7.797
5980,7.878
5981,7.756
5982,7.635
5983,14.764
5984,23.242
5985,30.874
5986,33.053
5987,40.172
5988,41.805
5989,43.947
5990,44.722
5991,39.506
5992,30.75
5993,22.235
5994,16.022
5995,11.925
5996,7.308
5997,6.635
5998,6.345
5999,6.471
6000,6.601
6001,6.682
6002,7.627
6003,7.586
6004,7.898
6005,7.241
6006,7.348
6007,6.723
6008,6.466
6009,6.434
6010,9.231
6011,10.241
6012,11.561
6013,13.83
6014,14.026
6015,15.09
6016,8.491
6017,8.435
6018,7.992
6019,8.047
6020,7.386
6021,6.583
6022,6.382
6023,6.251
6024,6.473
6025,6.862
6026,7.444
6027,7.76
6028,7.723
6029,7.761
6030,7.537
6031,7.162
6032,6.811
6033,6.176
6034,8.856
6035,9.924
6036,11.876
6037,12.86
6038,14.321
6039,15.536
6040,8.818
6041,8.915
6042,8.459
6043,8.033
6044,7.155
6045,6.512
6046,6.546
6047,6.543
6048,6.18
6049,6.777
6050,7.247
6051,7.519
6052,8.027
6053,8.031
6054,7.7
6055,14.903
6056,25.201
6057,32.73
6058,34.205
6059,41.362
6060,43.078
6061,45.627
6062,46.08
6063,40.925
6064,30.527
6065,22.193
6066,15.547
6067,11.821
6068,7.273
6069,6.624
6070,6.22
6071,6.48
6072,6.52
6073,7.02
6074,7.497
6075,7.525
6076,7.489
6077,7.771
6078,7.217
6079,14.997
6080,25.276
6081,32.667
6082,34.453
6083,42.647
6084,43.793
6085,46.651
6086,44.272
6087,40.489
6088,31.202
6089,21.159
6090,16.219
6091,11.705
6092,7.486
6093,6.746
6094,6.528
6095,6.517
6096,6.5
6097,7.072
6098,7.569
6099,7.879
6100,7.632
6101,7.771
6102,7.623
6103,14.875
6104,24.728
6105,32.164
6106,32.956
6107,40.047
6108,42.068
6109,44.811
6110,45.07
6111,40.227
6112,31.425
6113,22.138
6114,16.506
6115,12.327
6116,7.592
6117,6.627
6118,6.459
6119,6.583
6120,6.698
6121,6.958
6122,7.201
6123,7.85
6124,7.815
6125,7.801
6126,7.741
6127,14.519
6128,23.728
6129,33.234
6130,33.597
6131,40.179
6132,42.385
6133,44.577
6134,44.681
6135,42.612
6136,31.456
6137,21.228
6138,16.315
6139,12.144
6140,7.848
6141,6.493
6142,6.409
6143,6.188
6144,6.581
6145,7.105
6146,7.481
6147,7.476
6148,7.923
6149,8.035
6150,7.897
6151,14.911
6152,24.004
6153,33.094
6154,33.614
6155,38.389
6156,40.846
6157,45.648
6158,46.763
6159,40.71
6160,30.214
6161,21.884
6162,15.7
6163,11.612
6164,7.567
6165,6.468
6166,6.278
6167,6.19
6168,6.524
6169,6.854
6170,7.549
6171,7.625
6172,8.098
6173,7.798
6174,7.517
6175,6.774
6176,6.494
6177,6.454
6178,9.216
6179,10.326
6180,11.971
6181,13.003
6182,13.64
6183,14.793
6184,8.879
6185,8.735
6186,8.519
6187,7.898
6188,7.292
6189,6.574
6190,6.132
6191,6.434
6192,6.385
6193,6.914
6194,7.245
6195,7.671
6196,7.949
6197,7.838
6198,7.248
6199,7.064
6200,6.478
6201,6.083
6202,9.353
6203,10.07
6204,12.108
6205,13.129
6206,14.796
6207,15.692
6208,8.716
6209,8.68
6210,8.147
6211,7.772
6212,7.048
6213,6.744
6214,6.595
6215,6.328
6216,6.497
6217,6.904
6218,7.185
6219,7.585
6220,7.539
6221,7.311
6222,7.694
6223,14.409
6224,24.009
6225,30.216
6226,33.808
6227,40.271
6228,42.012
6229,45.099
6230,45.12
6231,41.143
6232,30.871
6233,22.315
6234,15.901
6235,11.683
6236,7.208
6237,6.687
6238,6.313
6239,6.526
6240,6.576
6241,6.919
6242,7.563
6243,7.607
6244,7.647
6245,7.53
6246,7.432
6247,14.892
6248,23.916
6249,32.119
6250,34.454
6251,41.883
6252,42.796
6253,42.003
6254,45.807
6255,38.838
6256,30.142
6257,21.961
6258,16.844
6259,10.961
6260,6.973
6261,6.453
6262,6.516
6263,6.144
6264,6.361
6265,7.234
6266,7.592
6267,7.567
6268,7.968
6269,7.701
6270,7.464
6271,14.514
6272,23.657
6273,31.494
6274,34.12
6275,42.015
6276,41.142
6277,44.874
6278,44.076
6279,40.764
6280,31.064
6281,22.608
6282,16.212
6283,11.759
6284,7.546
6285,6.836
6286,6.574
6287,6.525
6288,6.573
6289,7.309
6290,7.565
6291,7.554
6292,7.792
6293,7.763
6294,7.371
6295,14.564
6296,25.062
6297,31.447
6298,34.163
6299,41.301
6300,43.709
6301,43.281
6302,44.379
6303,40.892
6304,30.345
6305,22.903
6306,16.295
6307,11.935
6308,7.07
6309,6.668
6310,6.804
6311,6.396
6312,6.309
6313,7.221
6314,7.34
6315,7.437
6316,7.552
6317,7.457
6318,7.737
6319,14.463
6320,23.512
6321,32.066
6322,34.092
6323,41.892
6324,43.995
6325,43.772
6326,46.408
6327,40.034
6328,32.148
6329,22.391
6330,16.329
6331,11.222
6332,7.427
6333,6.494
6334,6.307
6335,6.274
6336,6.392
6337,7.108
6338,7.508
6339,7.694
6340,8.135
6341,7.444
6342,7.481
6343,6.788
6344,6.582
6345,6.497
6346,9.169
6347,10.365
6348,12.109
6349,13.556
6350,14.011
6351,15.551
6352,9.038
6353,8.804
6354,8.228
6355,8.219
6356,7.295
6357,6.763
6358,6.514
6359,6.636
6360,6.232
6361,6.882
6362,7.526
6363,7.638
6364,7.701
6365,7.973
6366,7.324
6367,7.075
6368,6.552
6369,6.369
6370,8.609
6371,9.759
6372,11.858
6373,14.131
6374,14.252
6375,15.209
6376,9.109
6377,8.572
6378,8.388
6379,7.895
6380,7.099
6381,6.43
6382,6.325
6383,6.404
6384,6.371
6385,6.934
6386,7.477
6387,7.915
6388,8.23
6389,7.548
6390,7.691
6391,14.414
6392,23.662
6393,30.975
6394,35.189
6395,40.543
6396,43.703
6397,42.975
6398,42.605
6399,42.582
6400,29.584
6401,21.48
6402,16.709
6403,11.712
6404,7.217
6405,6.79
6406,6.36
6407,6.533
6408,6.29
6409,7.272
6410,7.325
6411,7.719
6412,7.632
6413,7.528
6414,7.584
6415,15.116
6416,23.887
6417,32.524
6418,33.336
6419,42.336
6420,41.116
6421,42.288
6422,46.858
6423,38.631
6424,32.156
6425,22.041
6426,16.398
6427,11.78
6428,7.131
6429,6.656
6430,6.731
6431,6.6
6432,6.375
6433,7.239
6434,7.211
6435,7.642
6436,7.8
6437,7.923
6438,7.373
6439,15.165
6440,23.786
6441,31.041
6442,34.575
6443,40.553
6444,40.541
6445,45.017
6446,43.35
6447,40.452
6448,29.961
6449,21.603
6450,16.663
6451,11.871
6452,6.977
6453,6.534
6454,6.416
6455,6.622
6456,6.565
6457,6.809
6458,7.188
6459,7.812
6460,7.92
6461,7.569
6462,7.518
6463,14.965
6464,24.208
6465,30.239
6466,33.504
6467,41.823
6468,41.096
6469,45.099
6470,43.846
6471,41.075
6472,30.178
6473,21.159
6474,16.311
6475,11.656
6476,7.526
6477,6.707
6478,6.151
6479,6.458
6480,6.65
6481,7.17
6482,7.774
6483,8.059
6484,7.634
6485,7.759
6486,8.096
6487,15.249
6488,23.631
6489,31.133
6490,32.421
6491,41.652
6492,42.564
6493,43.936
6494,44.602
6495,39.959
6496,31.305
6497,22.034
6498,16.396
6499,11.208
6500,7.575
6501,6.764
6502,6.576
6503,6.075
6504,6.635
6505,6.769
6506,7.508
6507,7.908
6508,7.98
6509,7.824
6510,7.772
6511,7.05
6512,6.359
6513,6.321
6514,9.142
6515,10.45
6516,11.618
6517,13.667
6518,14.505
6519,15.043
6520,8.457
6521,8.463
6522,8.345
6523,7.796
6524,7.387
6525,6.306
6526,6.17
6527,6.239
6528,6.67
6529,6.997
6530,7.435
6531,7.798
6532,7.899
6533,7.582
6534,7.163
6535,6.958
6536,6.242
6537,6.394
6538,8.963
6539,10.309
6540,11.993
6541,13.272
6542,14.744
6543,16.297
6544,8.26
6545,9.083
6546,8.081
6547,7.569
6548,7.076
6549,6.691
6550,6.44
6551,6.306
6552,6.396
6553,10.909
6554,11.698
6555,12.153
6556,11.795
6557,11.583
6558,15.687
6559,23.582
6560,33.218
6561,41.679
6562,40.614
6563,38.838
6564,38.849
6565,36.749
6566,35.789
6567,31.093
6568,22.369
6569,16.191
6570,11.798
6571,10.493
6572,7.569
6573,8.555
6574,9.775
6575,9.652
6576,10.298
6577,11.1
6578,11.776
6579,11.984
6580,11.709
6581,12.283
6582,15.813
6583,25.738
6584,34.589
6585,40.269
6586,39.46
6587,39.862
6588,37.966
6589,36.494
6590,35.683
6591,30.629
6592,23.16
6593,14.496
6594,12.605
6595,10.569
6596,8.002
6597,8.435
6598,9.595
6599,9.682
6600,10.618
6601,11.437
6602,11.051
6603,11.877
6604,11.963
6605,11.909
6606,15.651
6607,25.392
6608,34.127
6609,40.974
6610,43.128
6611,38.217
6612,37.149
6613,37.56
6614,35.253
6615,29.987
6616,22.041
6617,16.269
6618,12.459
6619,10.258
6620,7.652
6621,8.968
6622,9.366
6623,9.866
6624,10.349
6625,10.544
6626,11.147
6627,11.872
6628,11.724
6629,12.268
6630,16.199
6631,24.655
6632,32.493
6633,42.615
6634,40.61
6635,41.934
6636,37.881
6637,35.219
6638,33.637
6639,30.142
6640,23.095
6641,15.579
6642,11.453
6643,10.337
6644,7.969
6645,8.942
6646,9.409
6647,9.934
6648,10.67
6649,11.739
6650,11.833
6651,11.565
6652,12.074
6653,12.117
6654,16.758
6655,25.205
6656,32.995
6657,41.653
6658,40.503
6659,39.483
6660,37.029
6661,36.485
6662,34.154
6663,31.354
6664,22.735
6665,15.029
6666,12.445
6667,10.354
6668,8.311
6669,8.863
6670,9.562
6671,10.119
6672,10.314
6673,10.543
6674,11.567
6675,11.408
6676,11.927
6677,11.345
6678,11.753
6679,11.264
6680,10.251
6681,9.731
6682,16.571
6683,15.065
6684,13.27
6685,11.662
6686,10.894
6687,10.152
6688,6.657
6689,6.593
6690,7.097
6691,7.344
6692,8.002
6693,8.21
6694,9.503
6695,9.832
6696,10.611
6697,11.537
6698,11.975
6699,11.978
6700,11.568
6701,11.757
6702,11.614
6703,11.195
6704,10.627
6705,10.176
6706,16.667
6707,15.188
6708,13.466
6709,11.662
6710,10.764
6711,10.207
6712,6.816
6713,6.75
6714,7.088
6715,7.435
6716,7.92
6717,8.735
6718,9.52
6719,10.414
6720,10.86
6721,11.011
6722,11.894
6723,11.362
6724,11.994
6725,11.619
6726,15.618
6727,26.265
6728,32.914
6729,41.538
6730,41.598
6731,39.31
6732,36.504
6733,36.762
6734,35.142
6735,30.625
6736,22.277
6737,15.855
6738,12.342
6739,10.103
6740,8.072
6741,9.027
6742,8.865
6743,9.741
6744,10.407
6745,10.568
6746,11.0
6747,11.501
6748,12.212
6749,11.675
6750,15.466
6751,24.92
6752,33.67
6753,41.785
6754,41.036
6755,41.932
6756,38.04
6757,36.858
6758,34.975
6759,30.045
6760,21.641
6761,15.17
6762,12.385
6763,10.544
6764,7.901
6765,8.57
6766,9.555
6767,9.92
6768,10.599
6769,11.201
6770,11.671
6771,11.561
6772,11.14
6773,11.209
6774,15.975
6775,24.664
6776,32.979
6777,39.511
6778,40.172
6779,39.452
6780,37.827
6781,35.48
6782,34.422
6783,32.186
6784,22.15
6785,15.633
6786,11.807
6787,10.296
6788,7.972
6789,8.397
6790,9.33
6791,9.684
6792,10.393
6793,10.898
6794,11.049
6795,11.318
6796,11.906
6797,11.48
6798,15.762
6799,24.934
6800,33.539
6801,42.122
6802,40.329
6803,38.202
6804,37.974
6805,37.243
6806,35.139
6807,30.655
6808,22.182
6809,15.615
6810,12.41
6811,10.395
6812,8.149
6813,8.735
6814,9.809
6815,9.792
6816,10.894
6817,11.344
6818,11.175
6819,11.95
6820,12.052
6821,11.604
6822,14.861
6823,25.492
6824,32.186
6825,41.106
6826,39.174
6827,39.918
6828,36.055
6829,35.928
6830,34.945
6831,30.701
6832,21.463
6833,15.856
6834,12.364
6835,10.406
6836,7.971
6837,8.051
6838,9.682
6839,9.915
6840,10.761
6841,11.171
6842,11.544
6843,11.986
6844,11.681
6845,12.084
6846,11.981
6847,11.176
6848,10.548
6849,10.215
6850,16.566
6851,14.601
6852,13.082
6853,11.905
6854,11.057
6855,10.082
6856,6.88
6857,7.169
6858,7.195
6859,7.485
6860,8.142
6861,8.55
6862,9.048
6863,9.783
6864,10.227
6865,11.388
6866,11.39
6867,11.238
6868,12.022
6869,11.89
6870,11.615
6871,10.747
6872,10.294
6873,10.411
6874,16.149
6875,14.907
6876,13.235
6877,11.457
6878,10.45
6879,10.337
6880,6.694
6881,6.786
6882,7.275
6883,7.193
6884,8.016
6885,8.899
6886,9.505
6887,9.903
6888,10.714
6889,11.294
6890,11.275
6891,11.348
6892,12.127
6893,11.799
6894,16.556
6895,24.623
6896,34.092
6897,42.141
6898,41.497
6899,39.363
6900,36.897
6901,36.197
6902,35.008
6903,30.724
6904,21.707
6905,15.772
6906,12.761
6907,10.271
6908,8.134
6909,8.237
6910,9.425
6911,10.037
6912,10.349
6913,11.274
6914,11.558
6915,12.316
6916,11.904
6917,11.9
6918,15.778
6919,24.323
6920,35.427
6921,41.472
6922,41.306
6923,39.418
6924,36.404
6925,35.224
6926,33.961
6927,31.72
6928,22.569
6929,15.544
6930,11.779
6931,10.283
6932,8.007
6933,8.379
6934,9.512
6935,9.771
6936,10.515
6937,11.092
6938,10.897
6939,12.022
6940,11.883
6941,11.131
6942,15.681
6943,24.816
6944,32.403
6945,41.644
6946,42.227
6947,39.676
6948,36.457
6949,35.846
6950,33.692
6951,30.86
6952,21.733
6953,15.784
6954,12.461
6955,10.732
6956,8.069
6957,8.59
6958,8.931
6959,10.516
6960,11.175
6961,11.094
6962,11.652
6963,11.445
6964,11.756
6965,11.791
6966,15.602
6967,26.125
6968,33.522
6969,40.643
6970,40.574
6971,39.574
6972,36.286
6973,36.903
6974,35.41
6975,31.396
6976,22.488
6977,15.42
6978,12.012
6979,10.865
6980,8.114
6981,8.774
6982,9.447
6983,9.949
6984,10.3
6985,11.62
6986,11.472
6987,12.163
6988,11.844
6989,12.11
6990,15.493
6991,24.202
6992,33.031
6993,40.786
6994,41.67
6995,39.672
6996,36.329
6997,35.788
6998,34.206
6999,30.132
7000,22.238
7001,15.432
7002,12.573
7003,10.611
7004,7.857
7005,8.924
7006,9.521
7007,10.021
7008,10.493
7009,11.659
7010,11.757
7011,11.467
7012,11.919
7013,11.538
7014,11.785
7015,10.834
7016,10.421
7017,9.818
7018,16.594
7019,14.353
7020,13.197
7021,11.23
7022,11.081
7023,9.525
7024,6.776
7025,6.877
7026,7.001
7027,7.703
7028,8.254
7029,8.878
7030,9.573
7031,10.053
7032,10.489
7033,11.194
7034,11.845
7035,11.768
7036,11.158
7037,11.289
7038,12.047
7039,10.891
7040,10.428
7041,10.207
7042,16.765
7043,14.945
7044,13.242
7045,11.238
7046,11.452
7047,10.113
7048,6.93
7049,6.858
7050,6.995
7051,7.447
7052,7.994
7053,9.002
7054,9.008
7055,10.071
7056,11.068
7057,10.979
7058,11.538
7059,11.437
7060,12.359
7061,11.449
7062,16.091
7063,23.795
7064,32.547
7065,41.513
7066,39.851
7067,39.084
7068,36.524
7069,36.544
7070,34.398
7071,29.892
7072,22.438
7073,14.929
7074,12.409
7075,10.287
7076,8.348
7077,8.532
7078,9.103
7079,9.999
7080,10.854
7081,10.443
7082,11.343
7083,12.154
7084,11.562
7085,11.424
7086,15.206
7087,24.809
7088,32.219
7089,41.746
7090,39.453
7091,38.866
7092,37.608
7093,35.908
7094,35.234
7095,29.967
7096,21.794
7097,16.157
7098,12.346
7099,10.612
7100,8.239
7101,8.733
7102,9.238
7103,10.116
7104,10.525
7105,11.606
7106,11.588
7107,11.797
7108,12.335
7109,12.026
7110,15.557
7111,25.325
7112,32.199
7113,41.028
7114,41.172
7115,39.473
7116,37.634
7117,35.592
7118,35.799
7119,31.133
7120,21.914
7121,15.667
7122,12.367
7123,10.631
7124,8.099
7125,8.748
7126,9.449
7127,10.152
7128,10.711
7129,10.979
7130,11.624
7131,11.587
7132,11.697
7133,11.884
7134,15.859
7135,24.602
7136,33.729
7137,40.504
7138,41.465
7139,38.026
7140,39.039
7141,36.908
7142,35.856
7143,30.72
7144,21.55
7145,15.022
7146,12.239
7147,10.404
7148,8.093
7149,8.87
7150,9.405
7151,9.732
7152,10.758
7153,10.951
7154,11.643
7155,11.96
7156,11.717
7157,12.214
7158,15.701
7159,25.044
7160,34.321
7161,41.477
7162,40.14
7163,38.992
7164,38.009
7165,36.059
7166,34.995
7167,31.433
7168,22.182
7169,16.357
7170,12.167
7171,10.233
7172,7.978
7173,8.847
7174,9.174
7175,10.25
7176,10.592
7177,11.23
7178,11.318
7179,11.793
7180,11.869
7181,12.092
7182,11.393
7183,10.686
7184,10.298
7185,9.803
7186,16.658
7187,14.41
7188,12.871
7189,11.778
7190,10.845
7191,10.188
7192,6.53
7193,6.78
7194,7.259
7195,7.571
7196,8.105
7197,8.482
7198,9.243
7199,9.66
7200,10.74
7201,11.355
7202,11.461
7203,11.672
7204,11.623
7205,11.748
7206,12.008
7207,10.921
7208,10.648
7209,10.198
7210,16.357
7211,14.257
7212,13.306
7213,12.321
7214,10.891
7215,10.2
7216,6.738
7217,6.47
7218,7.146
7219,7.407
7220,7.844
7221,8.912
7222,9.087
7223,9.996
7224,10.262
7225,11.214
7226,11.122
7227,11.849
7228,11.906
7229,12.0
7230,15.322
7231,24.751
7232,32.578
7233,42.027
7234,39.219
7235,38.949
7236,38.249
7237,36.622
7238,34.085
7239,31.561
7240,22.323
7241,16.067
7242,12.087
7243,10.511
7244,8.067
7245,8.551
7246,9.824
7247,9.904
7248,10.679
7249,10.942
7250,11.367
7251,11.74
7252,11.658
7253,11.504
7254,15.85
7255,24.765
7256,35.032
7257,41.095
7258,40.316
7259,39.941
7260,39.443
7261,35.001
7262,36.533
7263,29.893
7264,22.016
7265,15.13
7266,12.073
7267,10.137
7268,7.906
7269,8.573
7270,9.275
7271,10.035
7272,10.66
7273,11.098
7274,11.901
7275,11.833
7276,12.228
7277,11.822
7278,15.582
7279,24.176
7280,30.941
7281,40.837
7282,39.808
7283,39.312
7284,39.0
7285,34.404
7286,36.042
7287,29.543
7288,21.257
7289,16.553
7290,12.448
7291,9.721
7292,8.297
7293,8.596
7294,9.656
7295,9.741
7296,10.642
7297,14.922
7298,14.494
7299,15.591
7300,15.94
7301,15.169
7302,23.658
7303,34.985
7304,42.68
7305,52.115
7306,51.193
7307,50.696
7308,47.49
7309,47.05
7310,44.678
7311,40.779
7312,31.955
7313,25.347
7314,22.011
7315,19.738
7316,11.691
7317,11.844
7318,13.141
7319,13.327
7320,14.071
7321,14.735
7322,15.535
7323,15.764
7324,15.809
7325,15.471
7326,23.515
7327,33.652
7328,44.298
7329,52.732
7330,49.63
7331,47.216
7332,45.816
7333,44.794
7334,43.795
7335,40.405
7336,31.827
7337,25.601
7338,21.708
7339,20.001
7340,11.697
7341,12.887
7342,13.593
7343,13.458
7344,14.456
7345,14.782
7346,15.185
7347,15.322
7348,15.179
7349,15.435
7350,15.645
7351,15.39
7352,14.687
7353,13.779
7354,26.659
7355,24.086
7356,22.519
7357,20.556
7358,20.845
7359,20.101
7360,10.254
7361,10.259
7362,11.388
7363,11.318
7364,11.468
7365,12.308
7366,13.255
7367,14.098
7368,14.637
7369,15.476
7370,15.563
7371,15.717
7372,16.107
7373,15.347
7374,15.062
7375,14.353
7376,14.622
7377,13.489
7378,25.955
7379,24.195
7380,22.398
7381,21.047
7382,20.745
7383,20.399
7384,10.394
7385,10.385
7386,11.371
7387,11.28
7388,11.621
7389,12.301
7390,13.346
7391,13.7
7392,14.381
7393,14.398
7394,14.988
7395,15.974
7396,15.792
7397,15.933
7398,22.357
7399,33.919
7400,42.989
7401,51.528
7402,53.009
7403,48.973
7404,46.132
7405,44.986
7406,43.338
7407,41.448
7408,31.562
7409,24.668
7410,22.23
7411,20.565
7412,11.692
7413,12.242
7414,13.161
7415,13.149
7416,14.527
7417,15.131
7418,15.356
7419,15.817
7420,15.635
7421,15.608
7422,24.161
7423,34.516
7424,44.391
7425,51.765
7426,50.055
7427,48.677
7428,46.386
7429,47.253
7430,47.951
7431,39.845
7432,31.919
7433,25.374
7434,21.661
7435,19.813
7436,11.973
7437,11.95
7438,12.781
7439,13.811
7440,14.371
7441,14.952
7442,15.509
7443,16.006
7444,15.218
7445,15.277
7446,23.978
7447,34.497
7448,42.858
7449,52.212
7450,48.076
7451,50.545
7452,47.417
7453,44.396
7454,46.2
7455,41.903
7456,32.877
7457,24.912
7458,21.987
7459,20.163
7460,11.382
7461,13.198
7462,12.742
7463,14.438
7464,14.337
7465,14.977
7466,15.188
7467,16.084
7468,16.328
7469,15.612
7470,22.985
7471,33.818
7472,43.373
7473,47.857
7474,48.361
7475,48.742
7476,47.547
7477,45.304
7478,44.356
7479,38.374
7480,31.375
7481,24.973
7482,21.768
7483,20.181
7484,11.211
7485,12.888
7486,12.377
7487,13.907
7488,14.186
7489,15.244
7490,15.496
7491,15.467
7492,15.506
7493,14.894
7494,23.298
7495,33.791
7496,41.652
7497,49.262
7498,50.399
7499,48.215
7500,48.211
7501,45.236
7502,43.169
7503,39.308
7504,31.704
7505,23.922
7506,22.32
7507,19.778
7508,11.745
7509,12.443
7510,13.282
7511,13.954
7512,14.074
7513,14.609
7514,16.037
7515,14.721
7516,15.232
7517,15.196
7518,15.629
7519,14.982
7520,14.46
7521,13.429
7522,25.996
7523,23.55
7524,22.27
7525,20.856
7526,19.876
7527,19.112
7528,10.559
7529,10.669
7530,10.624
7531,11.124
7532,11.91
7533,12.449
7534,13.534
7535,13.639
7536,14.463
7537,15.123
7538,14.902
7539,15.118
7540,15.09
7541,15.699
7542,15.208
7543,14.972
7544,14.391
7545,13.799
7546,26.197
7547,23.889
7548,23.01
7549,21.585
7550,19.541
7551,19.487
7552,10.91
7553,11.542
7554,10.835
7555,11.262
7556,11.302
7557,12.438
7558,13.044
7559,13.534
7560,14.982
7561,14.956
7562,14.905
7563,15.116
7564,15.916
7565,15.295
7566,22.804
7567,32.968
7568,42.514
7569,51.432
7570,51.409
7571,49.021
7572,49.125
7573,44.494
7574,45.055
7575,40.479
7576,30.384
7577,24.95
7578,21.018
7579,20.008
7580,11.539
7581,12.606
7582,13.584
7583,13.654
7584,14.114
7585,14.426
7586,15.436
7587,15.181
7588,15.992
7589,16.185
7590,24.361
7591,35.986
7592,42.776
7593,51.261
7594,49.396
7595,47.109
7596,48.057
7597,44.222
7598,45.95
7599,39.235
7600,31.519
7601,26.158
7602,21.748
7603,20.149
7604,11.705
7605,12.669
7606,12.981
7607,13.41
7608,13.992
7609,14.296
7610,14.804
7611,15.802
7612,15.596
7613,15.17
7614,23.809
7615,34.575
7616,43.131
7617,49.42
7618,49.802
7619,49.154
7620,46.863
7621,47.011
7622,45.706
7623,41.602
7624,31.926
7625,24.668
7626,21.635
7627,21.053
7628,12.105
7629,12.356
7630,13.299
7631,13.659
7632,14.232
7633,15.299
7634,15.448
7635,15.904
7636,16.311
7637,15.349
7638,23.532
7639,35.238
7640,43.505
7641,50.204
7642,50.451
7643,51.073
7644,46.526
7645,46.39
7646,45.394
7647,38.665
7648,32.198
7649,24.228
7650,21.727
7651,20.51
7652,11.639
7653,11.932
7654,13.059
7655,13.723
7656,14.391
7657,14.962
7658,15.394
7659,14.972
7660,16.048
7661,14.699
7662,23.143
7663,35.113
7664,41.843
7665,48.839
7666,49.438
7667,48.136
7668,49.549
7669,44.144
7670,45.311
7671,39.899
7672,31.037
7673,24.204
7674,20.969
7675,20.066
7676,11.984
7677,12.811
7678,12.754
7679,13.001
7680,14.554
7681,15.074
7682,15.738
7683,14.805
7684,16.213
7685,15.592
7686,16.056
7687,14.8
7688,14.846
7689,13.531
7690,27.178
7691,23.824
7692,21.732
7693,21.389
7694,20.822
7695,20.225
7696,10.488
7697,10.697
7698,10.844
7699,11.634
7700,12.094
7701,12.247
7702,13.384
7703,13.722
7704,14.773
7705,14.737
7706,15.32
7707,15.32
7708,15.017
7709,15.069
7710,15.715
7711,15.109
7712,14.064
7713,13.898
7714,25.813
7715,24.599
7716,22.338
7717,21.257
7718,19.661
7719,20.166
7720,10.642
7721,10.623
7722,11.511
7723,11.586
7724,12.207
7725,12.506
7726,12.899
7727,13.886
7728,14.366
7729,14.752
7730,15.74
7731,15.42
7732,15.728
7733,15.591
7734,22.476
7735,34.881
7736,43.483
7737,50.748
7738,50.713
7739,48.343
7740,46.45
7741,45.141
7742,42.825
7743,40.641
7744,30.634
7745,24.79
7746,20.484
7747,19.565
7748,11.946
7749,12.432
7750,13.077
7751,13.812
7752,13.741
7753,15.203
7754,15.125
7755,15.553
7756,15.799
7757,14.51
7758,24.182
7759,34.127
7760,43.253
7761,50.242
7762,49.61
7763,50.336
7764,45.764
7765,46.194
7766,44.245
7767,40.618
7768,32.396
7769,25.505
7770,21.912
7771,19.597
7772,11.713
7773,12.506
7774,13.46
7775,13.891
7776,14.279
7777,14.957
7778,15.635
7779,15.723
7780,15.98
7781,15.385
7782,23.881
7783,34.112
7784,42.759
7785,51.408
7786,48.712
7787,48.42
7788,47.507
7789,46.048
7790,45.771
7791,37.772
7792,30.367
7793,25.693
7794,22.01
7795,20.864
7796,11.751
7797,12.775
7798,13.794
7799,12.945
7800,13.753
7801,14.693
7802,14.742
7803,16.13
7804,15.525
7805,15.269
7806,24.072
7807,34.981
7808,42.036
7809,51.544
7810,49.226
7811,47.879
7812,48.574
7813,44.889
7814,44.279
7815,39.638
7816,31.238
7817,23.475
7818,20.768
7819,19.971
7820,12.191
7821,12.616
7822,12.897
7823,13.686
7824,13.746
7825,14.783
7826,15.193
7827,15.311
7828,15.861
7829,15.693
7830,23.673
7831,36.315
7832,43.228
7833,48.181
7834,48.628
7835,48.655
7836,46.133
7837,45.568
7838,46.425
7839,40.181
7840,30.725
7841,25.967
7842,21.501
7843,19.87
7844,11.848
7845,12.562
7846,12.826
7847,13.75
7848,14.793
7849,15.336
7850,14.972
7851,15.547
7852,16.224
7853,15.44
7854,14.772
7855,14.637
7856,14.561
7857,13.694
7858,25.816
7859,24.29
7860,22.432
7861,21.529
7862,20.916
7863,19.813
7864,10.642
7865,10.889
7866,11.046
7867,11.573
7868,11.189
7869,12.414
7870,13.198
7871,13.683
7872,14.041
7873,14.829
7874,15.003
7875,15.672
7876,15.893
7877,15.448
7878,15.692
7879,14.683
7880,14.132
7881,13.757
7882,25.533
7883,24.732
7884,22.491
7885,21.545
7886,20.719
7887,18.806
7888,10.49
7889,10.623
7890,10.347
7891,11.27
7892,11.729
7893,11.956
7894,13.501
7895,13.773
7896,13.539
7897,14.701
7898,15.161
7899,15.497
7900,15.33
7901,15.125
7902,23.496
7903,33.588
7904,43.686
7905,51.296
7906,50.685
7907,48.036
7908,47.315
7909,45.926
7910,45.007
7911,38.489
7912,31.678
7913,23.643
7914,21.677
7915,21.124
7916,11.499
7917,12.152
7918,13.337
7919,13.44
7920,13.977
7921,14.79
7922,15.343
7923,15.879
7924,15.446
7925,15.307
7926,23.197
7927,33.811
7928,42.977
7929,52.411
7930,49.339
7931,47.32
7932,47.102
7933,45.19
7934,43.236
7935,38.765
7936,30.213
7937,25.028
7938,21.21
7939,20.785
7940,11.901
7941,12.086
7942,12.707
7943,13.569
7944,13.859
7945,14.849
7946,15.705
7947,15.416
7948,15.357
7949,14.775
7950,14.722
7951,14.91
7952,14.3
7953,26.48
7954,23.818
7955,23.543
7956,21.225
7957,19.24
7958,18.62
7959,18.214
7960,10.485
7961,10.151
7962,11.085
7963,11.25
7964,12.035
7965,12.848
7966,12.97
7967,13.511
7968,14.554
7969,14.232
7970,15.697
7971,15.518
7972,15.461
7973,15.1
7974,14.786
7975,14.763
7976,14.512
7977,26.344
7978,23.274
7979,22.644
7980,21.771
7981,21.094
7982,19.079
7983,18.687
7984,10.505
7985,10.485
7986,10.535
7987,10.997
7988,11.39
7989,12.547
7990,13.344
7991,13.665
7992,14.119
7993,15.253
7994,16.132
7995,14.862
7996,15.847
7997,15.594
7998,15.408
7999,15.135
8000,14.899
8001,26.272
8002,26.027
8003,22.361
8004,21.905
8005,19.448
8006,18.472
8007,18.705
8008,10.693
8009,10.438
8010,10.999
8011,11.05
8012,12.113
8013,11.944
8014,13.134
8015,13.828
8016,14.423
8017,16.654
8018,16.603
8019,15.581
8020,16.042
8021,17.068
8022,16.942
8023,17.218
8024,16.679
8025,17.356
8026,33.786
8027,33.191
8028,30.553
8029,29.268
8030,29.377
8031,27.113
8032,14.451
8033,14.647
8034,14.238
8035,15.125
8036,14.913
8037,15.595
8038,16.408
8039,16.423
8040,16.946
8041,17.025
8042,16.924
8043,16.44
8044,16.019
8045,16.827
8046,16.506
8047,15.98
8048,16.152
8049,16.534
8050,35.196
8051,32.665
8052,30.235
8053,28.876
8054,28.014
8055,27.413
8056,13.976
8057,14.391
8058,15.204
8059,15.266
8060,14.934
8061,16.061
8062,16.352
8063,17.378
8064,16.867
8065,16.447
8066,17.055
8067,16.323
8068,16.392
8069,16.523
8070,29.402
8071,36.835
8072,49.649
8073,61.858
8074,56.687
8075,58.879
8076,53.155
8077,54.161
8078,52.216
8079,48.855
8080,40.75
8081,32.51
8082,29.97
8083,28.832
8084,14.765
8085,16.179
8086,16.836
8087,16.456
8088,17.244
8089,15.844
8090,16.397
8091,16.876
8092,17.047
8093,17.112
8094,30.325
8095,38.896
8096,49.256
8097,58.031
8098,56.353
8099,58.24
8100,56.301
8101,54.101
8102,52.553
8103,50.993
8104,39.287
8105,33.656
8106,29.565
8107,28.272
8108,15.545
8109,15.853
8110,16.186
8111,16.992
8112,17.041
8113,16.625
8114,16.474
8115,16.351
8116,15.865
8117,17.299
8118,29.075
8119,37.731
8120,47.394
8121,56.337
8122,60.123
8123,56.83
8124,54.155
8125,53.179
8126,51.988
8127,49.993
8128,38.787
8129,33.664
8130,30.461
8131,28.571
8132,15.201
8133,15.638
8134,15.354
8135,16.646
8136,16.446
8137,16.103
8138,17.256
8139,17.177
8140,16.498
8141,16.802
8142,29.603
8143,37.022
8144,47.902
8145,59.249
8146,58.338
8147,55.532
8148,57.08
8149,54.746
8150,51.777
8151,47.934
8152,39.799
8153,32.769
8154,30.665
8155,27.927
8156,15.168
8157,16.393
8158,16.039
8159,16.194
8160,16.654
8161,16.465
8162,16.514
8163,16.274
8164,16.008
8165,16.489
8166,28.643
8167,37.787
8168,51.86
8169,61.5
8170,61.975
8171,56.514
8172,53.986
8173,55.025
8174,51.951
8175,48.29
8176,39.286
8177,34.346
8178,30.013
8179,28.539
8180,14.887
8181,15.615
8182,15.572
8183,16.611
8184,16.523
8185,16.827
8186,16.457
8187,16.239
8188,16.686
8189,17.261
8190,16.593
8191,17.395
8192,15.612
8193,16.292
8194,33.676
8195,31.279
8196,28.799
8197,29.713
8198,28.013
8199,27.565
8200,13.871
8201,13.926
8202,14.019
8203,14.847
8204,14.819
8205,16.139
8206,16.811
8207,15.994
8208,16.289
8209,17.037
8210,16.123
8211,16.413
8212,16.719
8213,17.07
8214,17.142
8215,16.594
8216,16.878
8217,16.791
8218,35.284
8219,32.347
8220,30.811
8221,29.531
8222,27.797
8223,27.215
8224,12.984
8225,14.517
8226,14.939
8227,13.991
8228,15.437
8229,15.85
8230,16.229
8231,16.912
8232,16.611
8233,17.757
8234,17.031
8235,16.325
8236,16.201
8237,17.227
8238,29.403
8239,38.647
8240,48.603
8241,58.084
8242,60.191
8243,55.608
8244,52.319
8245,53.518
8246,52.263
8247,47.852
8248,38.551
8249,32.804
8250,28.998
8251,28.989
8252,14.705
8253,15.603
8254,16.898
8255,16.512
8256,16.809
8257,17.072
8258,16.893
8259,16.41
8260,16.219
8261,17.191
8262,29.739
8263,38.16
8264,47.996
8265,57.912
8266,55.9
8267,57.64
8268,56.96
8269,53.383
8270,52.201
8271,48.125
8272,40.024
8273,35.289
8274,30.733
8275,28.437
8276,14.884
8277,15.723
8278,16.236
8279,16.169
8280,16.475
8281,16.837
8282,16.207
8283,16.105
8284,16.588
8285,16.487
8286,28.326
8287,40.013
8288,49.846
8289,61.01
8290,57.832
8291,57.765
8292,57.212
8293,55.008
8294,54.856
8295,48.82
8296,39.734
8297,33.989
8298,30.464
8299,28.792
8300,15.528
8301,15.755
8302,16.224
8303,17.144
8304,16.591
8305,16.311
8306,17.048
8307,15.765
8308,17.12
8309,17.005
8310,29.6
8311,39.967
8312,47.936
8313,58.422
8314,56.399
8315,55.195
8316,56.128
8317,53.714
8318,51.797
8319,49.754
8320,40.142
8321,33.036
8322,29.971
8323,29.375
8324,15.524
8325,15.713
8326,16.574
8327,16.411
8328,17.402
8329,17.198
8330,16.504
8331,16.736
8332,17.037
8333,17.055
8334,30.346
8335,39.523
8336,48.841
8337,55.677
8338,60.639
8339,56.472
8340,55.85
8341,54.235
8342,54.725
8343,48.111
8344,39.053
8345,34.828
8346,30.618
8347,29.404
8348,15.099
8349,15.826
8350,16.68
8351,16.229
8352,16.009
8353,16.31
8354,16.387
8355,17.395
8356,17.723
8357,16.566
8358,16.692
8359,16.52
8360,16.552
8361,16.796
8362,34.193
8363,32.072
8364,30.83
8365,29.229
8366,28.201
8367,27.848
8368,14.161
8369,14.172
8370,14.054
8371,14.976
8372,15.139
8373,16.068
8374,16.234
8375,17.403
8376,17.235
8377,16.956
8378,17.253
8379,16.384
8380,17.378
8381,16.143
8382,16.686
8383,16.398
8384,15.859
8385,16.113
8386,33.535
8387,32.751
8388,30.629
8389,30.373
8390,28.492
8391,27.479
8392,14.393
8393,14.424
8394,14.153
8395,14.031
8396,14.704
8397,15.49
8398,16.342
8399,17.152
8400,16.683
8401,16.774
8402,16.833
8403,16.162
8404,17.122
8405,17.286
8406,29.988
8407,40.361
8408,48.119
8409,57.998
8410,60.503
8411,56.709
8412,54.66
8413,56.692
8414,53.117
8415,47.649
8416,40.212
8417,31.796
8418,30.88
8419,29.265
8420,14.646
8421,15.429
8422,17.069
8423,17.055
8424,16.515
8425,16.584
8426,16.82
8427,17.245
8428,16.976
8429,16.888
8430,29.449
8431,40.357
8432,49.127
8433,56.395
8434,57.931
8435,59.518
8436,52.989
8437,52.836
8438,54.053
8439,48.459
8440,39.083
8441,30.653
8442,29.844
8443,29.146
8444,14.738
8445,15.243
8446,16.627
8447,17.237
8448,16.287
8449,16.508
8450,16.021
8451,16.653
8452,16.342
8453,16.582
8454,27.788
8455,39.748
8456,46.188
8457,56.031
8458,58.147
8459,54.078
8460,53.269
8461,52.992
8462,50.871
8463,47.767
8464,40.118
8465,35.026
8466,30.748
8467,26.57
8468,15.036
8469,15.354
8470,16.497
8471,16.51
8472,16.799
8473,16.924
8474,16.491
8475,15.964
8476,16.48
8477,16.912
8478,30.021
8479,38.676
8480,49.229
8481,57.846
8482,56.608
8483,57.199
8484,56.669
8485,56.05
8486,52.542
8487,48.776
8488,39.984
8489,32.462
8490,30.333
8491,27.649
8492,15.142
8493,15.431
8494,16.07
8495,16.627
8496,16.687
8497,16.859
8498,16.483
8499,16.536
8500,16.806
8501,16.478
8502,29.615
8503,38.298
8504,48.359
8505,59.181
8506,59.686
8507,58.116
8508,57.193
8509,54.476
8510,54.645
8511,48.234
8512,41.237
8513,34.23
8514,31.345
8515,28.901
8516,15.372
8517,15.817
8518,16.106
8519,16.384
8520,17.006
8521,16.12
8522,17.304
8523,16.739
8524,16.909
8525,17.057
8526,16.758
8527,16.619
8528,15.758
8529,16.801
8530,34.381
8531,31.17
8532,31.063
8533,29.6
8534,29.474
8535,26.93
8536,13.727
8537,13.933
8538,13.933
8539,14.689
8540,14.338
8541,14.803
8542,16.301
8543,16.881
8544,16.309
8545,16.807
8546,16.78
8547,16.893
8548,16.685
8549,15.942
8550,16.653
8551,16.706
8552,17.278
8553,16.029
8554,35.847
8555,32.289
8556,30.093
8557,29.467
8558,29.53
8559,28.166
8560,13.658
8561,14.243
8562,14.589
8563,14.623
8564,15.761
8565,16.521
8566,15.324
8567,16.666
8568,17.425
8569,16.861
8570,17.271
8571,16.891
8572,16.051
8573,16.39
8574,16.649
8575,17.209
8576,16.627
8577,33.262
8578,32.368
8579,31.411
8580,29.976
8581,30.225
8582,27.538
8583,26.199
8584,14.136
8585,14.097
8586,14.303
8587,14.36
8588,15.294
8589,15.502
8590,16.092
8591,16.408
8592,17.061
8593,16.056
8594,16.616
8595,16.543
8596,16.964
8597,16.579
8598,17.033
8599,16.335
8600,16.833
8601,33.897
8602,32.881
8603,32.487
8604,30.218
8605,28.775
8606,28.393
8607,27.298
8608,13.833
8609,14.341
8610,15.036
8611,14.417
8612,15.359
8613,15.746
8614,16.35
8615,15.868
8616,16.388
8617,16.319
8618,17.251
8619,16.187
8620,17.206
8621,16.258
8622,16.581
8623,16.485
8624,16.422
8625,32.353
8626,33.952
8627,32.142
8628,30.72
8629,29.275
8630,28.264
8631,27.876
8632,13.654
8633,14.202
8634,14.758
8635,14.749
8636,15.049
8637,15.348
8638,16.204
8639,16.459
8640,15.41
8641,16.851
8642,17.288
8643,16.915
8644,16.727
8645,16.351
8646,16.554
8647,17.238
8648,16.084
8649,35.572
8650,31.579
8651,31.937
8652,29.323
8653,28.264
8654,26.147
8655,27.678
8656,14.07
8657,14.378
8658,14.064
8659,15.11
8660,15.186
8661,15.625
8662,16.109
8663,17.169
8664,16.805
8665,16.83
8666,16.037
8667,16.629
8668,16.235
8669,16.318
8670,15.882
8671,16.9
8672,16.609
8673,33.669
8674,32.003
8675,31.409
8676,29.08
8677,28.523
8678,28.07
8679,27.29
8680,14.126
8681,13.765
8682,13.549
8683,14.723
8684,14.713
8685,15.567
8686,15.831
8687,16.556
8688,16.931
8689,16.516
8690,16.144
8691,16.714
8692,16.765
8693,16.662
8694,16.77
8695,17.169
8696,17.346
8697,16.95
8698,33.607
8699,32.65
8700,29.843
8701,29.686
8702,30.064
8703,28.093
8704,13.916
8705,13.728
8706,14.638
8707,14.517
8708,15.231
8709,15.556
8710,15.817
8711,16.579
8712,16.233
8713,16.371
8714,16.415
8715,17.37
8716,16.923
8717,16.784
8718,16.391
8719,16.907
8720,16.597
8721,17.162
8722,33.717
8723,33.748
8724,30.737
8725,29.744
8726,28.393
8727,28.111
8728,13.579
8729,13.6
8730,13.649
8731,14.313
8732,14.759
8733,15.806
8734,16.049
8735,16.588
8736,17.199
8737,16.9
8738,16.002
8739,16.822
8740,16.904
8741,16.594
8742,16.258
8743,16.804
8744,16.547
8745,33.89
8746,33.288
8747,31.592
8748,29.455
8749,27.43
8750,27.7
8751,26.953
8752,13.863
8753,14.116
8754,14.431
8755,14.227
8756,15.435
8757,15.83
8758,16.378
8759,16.68
8760,17.565
